-- INSERT INTO answer(id,text,question_id) VALUES (1,'Matematyka',1);
-- INSERT INTO answer(id,text,question_id) VALUES (2,'Fizyka',1);
-- INSERT INTO answer(id,text,question_id) VALUES (3,'Informatyka',1);
-- INSERT INTO answer(id,text,question_id) VALUES (4,'Biologia',1);
-- INSERT INTO answer(id,text,question_id) VALUES (5,'Chemia',1);
-- INSERT INTO answer(id,text,question_id) VALUES (6,'Geografia',1);
-- INSERT INTO answer(id,text,question_id) VALUES (7,'Humanistyczne',1);
-- INSERT INTO answer(id,text,question_id) VALUES (8,'Artystyczne',1);
-- INSERT INTO answer(id,text,question_id) VALUES (9,'Uczelnia wyższa',2);
-- INSERT INTO answer(id,text,question_id) VALUES (10,'Zawodówka',2);
-- INSERT INTO answer(id,text,question_id) VALUES (11,'Szkoła Średnia',2);
-- INSERT INTO answer(id,text,question_id) VALUES (12,'Podstawówka',2);
-- INSERT INTO answer(id,text,question_id) VALUES (13,'Przedszkole',2);
-- INSERT INTO answer(id,text,question_id) VALUES (14,'Tak',3);
-- INSERT INTO answer(id,text,question_id) VALUES (15,'Nie',3);
-- INSERT INTO answer(id,text,question_id) VALUES (16,'Tak',4);
-- INSERT INTO answer(id,text,question_id) VALUES (17,'Nie',4);
-- INSERT INTO answer(id,text,question_id) VALUES (18,'Tak',5);
-- INSERT INTO answer(id,text,question_id) VALUES (19,'Nie',5);
-- INSERT INTO answer(id,text,question_id) VALUES (20,'Tak',6);
-- INSERT INTO answer(id,text,question_id) VALUES (21,'Nie',6);
-- INSERT INTO answer(id,text,question_id) VALUES (22,'Tak',7);
-- INSERT INTO answer(id,text,question_id) VALUES (23,'Nie',7);
-- INSERT INTO answer(id,text,question_id) VALUES (24,'Tak',8);
-- INSERT INTO answer(id,text,question_id) VALUES (25,'Nie',8);
-- INSERT INTO answer(id,text,question_id) VALUES (26,'Tak',9);
-- INSERT INTO answer(id,text,question_id) VALUES (27,'Nie',9);
-- INSERT INTO answer(id,text,question_id) VALUES (28,'Tak',10);
-- INSERT INTO answer(id,text,question_id) VALUES (29,'Nie',10);
-- INSERT INTO answer(id,text,question_id) VALUES (30,'Tak',11);
-- INSERT INTO answer(id,text,question_id) VALUES (31,'Nie',11);
-- INSERT INTO answer(id,text,question_id) VALUES (32,'Tak',12);
-- INSERT INTO answer(id,text,question_id) VALUES (33,'Nie',12);
-- INSERT INTO answer(id,text,question_id) VALUES (34,'Tak',13);
-- INSERT INTO answer(id,text,question_id) VALUES (35,'Nie',13);
-- INSERT INTO answer(id,text,question_id) VALUES (36,'Tak',14);
-- INSERT INTO answer(id,text,question_id) VALUES (37,'Nie',14);
-- INSERT INTO answer(id,text,question_id) VALUES (38,'Tak',15);
-- INSERT INTO answer(id,text,question_id) VALUES (39,'Nie',15);
-- INSERT INTO answer(id,text,question_id) VALUES (40,'Tak',16);
-- INSERT INTO answer(id,text,question_id) VALUES (41,'Nie',16);
-- INSERT INTO answer(id,text,question_id) VALUES (42,'Tak',17);
-- INSERT INTO answer(id,text,question_id) VALUES (43,'Nie',17);
-- INSERT INTO answer(id,text,question_id) VALUES (44,'Tak',18);
-- INSERT INTO answer(id,text,question_id) VALUES (45,'Nie',18);
-- INSERT INTO answer(id,text,question_id) VALUES (46,'Tak',19);
-- INSERT INTO answer(id,text,question_id) VALUES (47,'Nie',19);
-- INSERT INTO answer(id,text,question_id) VALUES (48,'Tak',20);
-- INSERT INTO answer(id,text,question_id) VALUES (49,'Nie',20);
-- INSERT INTO answer(id,text,question_id) VALUES (50,'Tak',21);
-- INSERT INTO answer(id,text,question_id) VALUES (51,'Nie',21);
-- INSERT INTO answer(id,text,question_id) VALUES (52,'Tak',22);
-- INSERT INTO answer(id,text,question_id) VALUES (53,'Nie',22);
-- INSERT INTO answer(id,text,question_id) VALUES (54,'Tak',23);
-- INSERT INTO answer(id,text,question_id) VALUES (55,'Nie',23);
-- INSERT INTO answer(id,text,question_id) VALUES (56,'Tak',24);
-- INSERT INTO answer(id,text,question_id) VALUES (57,'Nie',24);
-- INSERT INTO answer(id,text,question_id) VALUES (58,'Tak',25);
-- INSERT INTO answer(id,text,question_id) VALUES (59,'Nie',25);
-- INSERT INTO answer(id,text,question_id) VALUES (60,'Tak',26);
-- INSERT INTO answer(id,text,question_id) VALUES (61,'Nie',26);
-- INSERT INTO answer(id,text,question_id) VALUES (62,'Tak',27);
-- INSERT INTO answer(id,text,question_id) VALUES (63,'Nie',27);
-- INSERT INTO answer(id,text,question_id) VALUES (64,'Tak',28);
-- INSERT INTO answer(id,text,question_id) VALUES (65,'Nie',28);
-- INSERT INTO answer(id,text,question_id) VALUES (66,'Tak',29);
-- INSERT INTO answer(id,text,question_id) VALUES (67,'Nie',29);
-- INSERT INTO answer(id,text,question_id) VALUES (68,'Tak',30);
-- INSERT INTO answer(id,text,question_id) VALUES (69,'Nie',30);
-- INSERT INTO answer(id,text,question_id) VALUES (70,'Tak',31);
-- INSERT INTO answer(id,text,question_id) VALUES (71,'Nie',31);
-- INSERT INTO answer(id,text,question_id) VALUES (72,'Tak',32);
-- INSERT INTO answer(id,text,question_id) VALUES (73,'Nie',32);
-- INSERT INTO answer(id,text,question_id) VALUES (74,'Tak',33);
-- INSERT INTO answer(id,text,question_id) VALUES (75,'Nie',33);
-- INSERT INTO answer(id,text,question_id) VALUES (76,'Tak',34);
-- INSERT INTO answer(id,text,question_id) VALUES (77,'Nie',34);
-- INSERT INTO answer(id,text,question_id) VALUES (78,'Tak',35);
-- INSERT INTO answer(id,text,question_id) VALUES (79,'Nie',35);
-- INSERT INTO answer(id,text,question_id) VALUES (80,'Tak',36);
-- INSERT INTO answer(id,text,question_id) VALUES (81,'Nie',36);
-- INSERT INTO answer(id,text,question_id) VALUES (82,'Tak',37);
-- INSERT INTO answer(id,text,question_id) VALUES (83,'Nie',37);
-- INSERT INTO answer(id,text,question_id) VALUES (84,'Tak',38);
-- INSERT INTO answer(id,text,question_id) VALUES (85,'Nie',38);
-- INSERT INTO answer(id,text,question_id) VALUES (86,'Tak',39);
-- INSERT INTO answer(id,text,question_id) VALUES (87,'Nie',39);
-- INSERT INTO answer(id,text,question_id) VALUES (88,'Tak',40);
-- INSERT INTO answer(id,text,question_id) VALUES (89,'Nie',40);
-- INSERT INTO answer(id,text,question_id) VALUES (90,'Tak',41);
-- INSERT INTO answer(id,text,question_id) VALUES (91,'Nie',41);
-- INSERT INTO answer(id,text,question_id) VALUES (92,'Tak',42);
-- INSERT INTO answer(id,text,question_id) VALUES (93,'Nie',42);
-- INSERT INTO answer(id,text,question_id) VALUES (94,'Tak',43);
-- INSERT INTO answer(id,text,question_id) VALUES (95,'Nie',43);
-- INSERT INTO answer(id,text,question_id) VALUES (96,'Tak',44);
-- INSERT INTO answer(id,text,question_id) VALUES (97,'Nie',44);
-- INSERT INTO answer(id,text,question_id) VALUES (98,'Tak',45);
-- INSERT INTO answer(id,text,question_id) VALUES (99,'Nie',45);
-- INSERT INTO answer(id,text,question_id) VALUES (100,'Tak',46);
-- INSERT INTO answer(id,text,question_id) VALUES (101,'Nie',46);
-- INSERT INTO answer(id,text,question_id) VALUES (102,'Tak',47);
-- INSERT INTO answer(id,text,question_id) VALUES (103,'Nie',47);
-- INSERT INTO answer(id,text,question_id) VALUES (104,'Tak',48);
-- INSERT INTO answer(id,text,question_id) VALUES (105,'Nie',48);
-- INSERT INTO answer(id,text,question_id) VALUES (106,'Tak',49);
-- INSERT INTO answer(id,text,question_id) VALUES (107,'Nie',49);
-- INSERT INTO answer(id,text,question_id) VALUES (108,'Tak',50);
-- INSERT INTO answer(id,text,question_id) VALUES (109,'Nie',50);
-- INSERT INTO answer(id,text,question_id) VALUES (110,'Tak',51);
-- INSERT INTO answer(id,text,question_id) VALUES (111,'Nie',51);
-- INSERT INTO answer(id,text,question_id) VALUES (112,'Tak',52);
-- INSERT INTO answer(id,text,question_id) VALUES (113,'Nie',52);
-- INSERT INTO answer(id,text,question_id) VALUES (114,'Tak',53);
-- INSERT INTO answer(id,text,question_id) VALUES (115,'Nie',53);
-- INSERT INTO answer(id,text,question_id) VALUES (116,'Tak',54);
-- INSERT INTO answer(id,text,question_id) VALUES (117,'Nie',54);
-- INSERT INTO answer(id,text,question_id) VALUES (118,'Tak',55);
-- INSERT INTO answer(id,text,question_id) VALUES (119,'Nie',55);
-- INSERT INTO answer(id,text,question_id) VALUES (120,'Tak',56);
-- INSERT INTO answer(id,text,question_id) VALUES (121,'Nie',56);
-- INSERT INTO answer(id,text,question_id) VALUES (122,'Tak',57);
-- INSERT INTO answer(id,text,question_id) VALUES (123,'Nie',57);
-- INSERT INTO answer(id,text,question_id) VALUES (124,'Tak',58);
-- INSERT INTO answer(id,text,question_id) VALUES (125,'Nie',58);
-- INSERT INTO answer(id,text,question_id) VALUES (126,'Tak',59);
-- INSERT INTO answer(id,text,question_id) VALUES (127,'Nie',59);
-- INSERT INTO answer(id,text,question_id) VALUES (128,'Tak',60);
-- INSERT INTO answer(id,text,question_id) VALUES (129,'Nie',60);
-- INSERT INTO answer(id,text,question_id) VALUES (130,'Tak',61);
-- INSERT INTO answer(id,text,question_id) VALUES (131,'Nie',61);
-- INSERT INTO answer(id,text,question_id) VALUES (132,'Tak',62);
-- INSERT INTO answer(id,text,question_id) VALUES (133,'Nie',62);
-- INSERT INTO answer(id,text,question_id) VALUES (134,'Tak',63);
-- INSERT INTO answer(id,text,question_id) VALUES (135,'Nie',63);
-- INSERT INTO answer(id,text,question_id) VALUES (136,'Tak',64);
-- INSERT INTO answer(id,text,question_id) VALUES (137,'Nie',64);
-- INSERT INTO answer(id,text,question_id) VALUES (138,'Tak',65);
-- INSERT INTO answer(id,text,question_id) VALUES (139,'Nie',65);
-- INSERT INTO answer(id,text,question_id) VALUES (140,'Tak',66);
-- INSERT INTO answer(id,text,question_id) VALUES (141,'Nie',66);
-- INSERT INTO answer(id,text,question_id) VALUES (142,'Tak',67);
-- INSERT INTO answer(id,text,question_id) VALUES (143,'Nie',67);
-- INSERT INTO answer(id,text,question_id) VALUES (144,'Tak',68);
-- INSERT INTO answer(id,text,question_id) VALUES (145,'Nie',68);
-- INSERT INTO answer(id,text,question_id) VALUES (146,'Tak',69);
-- INSERT INTO answer(id,text,question_id) VALUES (147,'Nie',69);
-- INSERT INTO answer(id,text,question_id) VALUES (148,'Tak',70);
-- INSERT INTO answer(id,text,question_id) VALUES (149,'Nie',70);
-- INSERT INTO answer(id,text,question_id) VALUES (150,'Tak',71);
-- INSERT INTO answer(id,text,question_id) VALUES (151,'Nie',71);
-- INSERT INTO answer(id,text,question_id) VALUES (152,'Tak',72);
-- INSERT INTO answer(id,text,question_id) VALUES (153,'Nie',72);
-- INSERT INTO answer(id,text,question_id) VALUES (154,'Tak',73);
-- INSERT INTO answer(id,text,question_id) VALUES (155,'Nie',73);
-- INSERT INTO answer(id,text,question_id) VALUES (156,'Tak',74);
-- INSERT INTO answer(id,text,question_id) VALUES (157,'Nie',74);
-- INSERT INTO answer(id,text,question_id) VALUES (158,'Tak',75);
-- INSERT INTO answer(id,text,question_id) VALUES (159,'Nie',75);
-- INSERT INTO answer(id,text,question_id) VALUES (160,'Tak',76);
-- INSERT INTO answer(id,text,question_id) VALUES (161,'Nie',76);
-- INSERT INTO answer(id,text,question_id) VALUES (162,'Tak',77);
-- INSERT INTO answer(id,text,question_id) VALUES (163,'Nie',77);
-- INSERT INTO answer(id,text,question_id) VALUES (164,'Tak',78);
-- INSERT INTO answer(id,text,question_id) VALUES (165,'Nie',78);
-- INSERT INTO answer(id,text,question_id) VALUES (166,'Tak',79);
-- INSERT INTO answer(id,text,question_id) VALUES (167,'Nie',79);
-- INSERT INTO answer(id,text,question_id) VALUES (168,'Tak',80);
-- INSERT INTO answer(id,text,question_id) VALUES (169,'Nie',80);
-- INSERT INTO answer(id,text,question_id) VALUES (170,'Tak',81);
-- INSERT INTO answer(id,text,question_id) VALUES (171,'Nie',81);
-- INSERT INTO answer(id,text,question_id) VALUES (172,'Tak',82);
-- INSERT INTO answer(id,text,question_id) VALUES (173,'Nie',82);
-- INSERT INTO answer(id,text,question_id) VALUES (174,'Tak',83);
-- INSERT INTO answer(id,text,question_id) VALUES (175,'Nie',83);
-- INSERT INTO answer(id,text,question_id) VALUES (176,'Tak',84);
-- INSERT INTO answer(id,text,question_id) VALUES (177,'Nie',84);
-- INSERT INTO answer(id,text,question_id) VALUES (178,'Tak',85);
-- INSERT INTO answer(id,text,question_id) VALUES (179,'Nie',85);
-- INSERT INTO answer(id,text,question_id) VALUES (180,'Kluczowe',86);
-- INSERT INTO answer(id,text,question_id) VALUES (181,'Pośrednie',86);
-- INSERT INTO answer(id,text,question_id) VALUES (182,'Nie wiem',86);
-- INSERT INTO answer(id,text,question_id) VALUES (183,'Tak',87);
-- INSERT INTO answer(id,text,question_id) VALUES (184,'Nie',87);
-- INSERT INTO answer(id,text,question_id) VALUES (185,'Tak',88);
-- INSERT INTO answer(id,text,question_id) VALUES (186,'Nie',88);
-- INSERT INTO answer(id,text,question_id) VALUES (187,'Tak',89);
-- INSERT INTO answer(id,text,question_id) VALUES (188,'Nie',89);
-- INSERT INTO answer(id,text,question_id) VALUES (189,'Tak',90);
-- INSERT INTO answer(id,text,question_id) VALUES (190,'Nie',90);
-- INSERT INTO answer(id,text,question_id) VALUES (191,'Tak',91);
-- INSERT INTO answer(id,text,question_id) VALUES (192,'Nie',91);
-- INSERT INTO answer(id,text,question_id) VALUES (193,'Tak',92);
-- INSERT INTO answer(id,text,question_id) VALUES (194,'Nie',92);
-- INSERT INTO answer(id,text,question_id) VALUES (195,'Tak',93);
-- INSERT INTO answer(id,text,question_id) VALUES (196,'Nie',93);
-- INSERT INTO answer(id,text,question_id) VALUES (197,'Tak',94);
-- INSERT INTO answer(id,text,question_id) VALUES (198,'Nie',94);
-- INSERT INTO answer(id,text,question_id) VALUES (199,'Tak',95);
-- INSERT INTO answer(id,text,question_id) VALUES (200,'Nie',95);
-- INSERT INTO answer(id,text,question_id) VALUES (201,'Tak',96);
-- INSERT INTO answer(id,text,question_id) VALUES (202,'Nie',96);
-- INSERT INTO answer(id,text,question_id) VALUES (203,'Tak',97);
-- INSERT INTO answer(id,text,question_id) VALUES (204,'Nie',97);
-- INSERT INTO answer(id,text,question_id) VALUES (205,'Tak',98);
-- INSERT INTO answer(id,text,question_id) VALUES (206,'Nie',98);
-- INSERT INTO answer(id,text,question_id) VALUES (207,'Tak',99);
-- INSERT INTO answer(id,text,question_id) VALUES (208,'Nie',99);
-- INSERT INTO answer(id,text,question_id) VALUES (209,'Tak',100);
-- INSERT INTO answer(id,text,question_id) VALUES (210,'Nie',100);
-- INSERT INTO answer(id,text,question_id) VALUES (211,'Tak',101);
-- INSERT INTO answer(id,text,question_id) VALUES (212,'Nie',101);
-- INSERT INTO answer(id,text,question_id) VALUES (213,'Tak',102);
-- INSERT INTO answer(id,text,question_id) VALUES (214,'Nie',102);
-- INSERT INTO answer(id,text,question_id) VALUES (215,'Tak',103);
-- INSERT INTO answer(id,text,question_id) VALUES (216,'Nie',103);
-- INSERT INTO answer(id,text,question_id) VALUES (217,'Tak',104);
-- INSERT INTO answer(id,text,question_id) VALUES (218,'Nie',104);
-- INSERT INTO answer(id,text,question_id) VALUES (219,'Tak',105);
-- INSERT INTO answer(id,text,question_id) VALUES (220,'Nie',105);
-- INSERT INTO answer(id,text,question_id) VALUES (221,'Tak',106);
-- INSERT INTO answer(id,text,question_id) VALUES (222,'Nie',106);
-- INSERT INTO answer(id,text,question_id) VALUES (223,'Tak',107);
-- INSERT INTO answer(id,text,question_id) VALUES (224,'Nie',107);
-- INSERT INTO answer(id,text,question_id) VALUES (225,'Tak',108);
-- INSERT INTO answer(id,text,question_id) VALUES (226,'Nie',108);
-- INSERT INTO answer(id,text,question_id) VALUES (227,'Tak',109);
-- INSERT INTO answer(id,text,question_id) VALUES (228,'Nie',109);
-- INSERT INTO answer(id,text,question_id) VALUES (229,'Tak',110);
-- INSERT INTO answer(id,text,question_id) VALUES (230,'Nie',110);
-- INSERT INTO answer(id,text,question_id) VALUES (231,'Tak',111);
-- INSERT INTO answer(id,text,question_id) VALUES (232,'Nie',111);
-- INSERT INTO answer(id,text,question_id) VALUES (233,'Tak',112);
-- INSERT INTO answer(id,text,question_id) VALUES (234,'Nie',112);
-- INSERT INTO answer(id,text,question_id) VALUES (235,'Tak',113);
-- INSERT INTO answer(id,text,question_id) VALUES (236,'Nie',113);
-- INSERT INTO answer(id,text,question_id) VALUES (237,'Tak',114);
-- INSERT INTO answer(id,text,question_id) VALUES (238,'Nie',114);
-- INSERT INTO answer(id,text,question_id) VALUES (239,'Podstawówka',115);
-- INSERT INTO answer(id,text,question_id) VALUES (240,'Liceum / Zawodówka',115);
-- INSERT INTO answer(id,text,question_id) VALUES (241,'Technikum / Szkoła Policealna',115);
-- INSERT INTO answer(id,text,question_id) VALUES (242,'Tak',116);
-- INSERT INTO answer(id,text,question_id) VALUES (243,'Nie',116);
-- INSERT INTO answer(id,text,question_id) VALUES (244,'Tak',117);
-- INSERT INTO answer(id,text,question_id) VALUES (245,'Nie',117);
-- INSERT INTO answer(id,text,question_id) VALUES (246,'Liceum / Zawodówka',118);
-- INSERT INTO answer(id,text,question_id) VALUES (247,'Technikum / Szkoła Policealna',118);
-- INSERT INTO answer(id,text,question_id) VALUES (248,'Fizyczna',119);
-- INSERT INTO answer(id,text,question_id) VALUES (249,'Umysłowa',119);
-- INSERT INTO answer(id,text,question_id) VALUES (250,'Tak',120);
-- INSERT INTO answer(id,text,question_id) VALUES (251,'Nie',120);
-- INSERT INTO answer(id,text,question_id) VALUES (252,'Tak',121);
-- INSERT INTO answer(id,text,question_id) VALUES (253,'Nie',121);
-- INSERT INTO answer(id,text,question_id) VALUES (254,'Tak',122);
-- INSERT INTO answer(id,text,question_id) VALUES (255,'Nie',122);
-- INSERT INTO answer(id,text,question_id) VALUES (256,'Tak',123);
-- INSERT INTO answer(id,text,question_id) VALUES (257,'Nie',123);
-- INSERT INTO answer(id,text,question_id) VALUES (258,'Studia',124);
-- INSERT INTO answer(id,text,question_id) VALUES (259,'Szkoła policealna',124);
-- INSERT INTO answer(id,text,question_id) VALUES (260,'Tak',125);
-- INSERT INTO answer(id,text,question_id) VALUES (261,'Nie',125);
-- INSERT INTO answer(id,text,question_id) VALUES (262,'Tak',126);
-- INSERT INTO answer(id,text,question_id) VALUES (263,'Nie',126);
-- INSERT INTO answer(id,text,question_id) VALUES (264,'Fizyczna',127);
-- INSERT INTO answer(id,text,question_id) VALUES (265,'Umysłowa',127);
-- INSERT INTO answer(id,text,question_id) VALUES (266,'Tak',128);
-- INSERT INTO answer(id,text,question_id) VALUES (267,'Nie',128);
-- INSERT INTO answer(id,text,question_id) VALUES (268,'Tak',129);
-- INSERT INTO answer(id,text,question_id) VALUES (269,'Nie',129);
-- INSERT INTO answer(id,text,question_id) VALUES (270,'Tak',130);
-- INSERT INTO answer(id,text,question_id) VALUES (271,'Nie',130);
-- INSERT INTO answer(id,text,question_id) VALUES (272,'Tak',131);
-- INSERT INTO answer(id,text,question_id) VALUES (273,'Nie',131);
-- INSERT INTO answer(id,text,question_id) VALUES (274,'Tak',132);
-- INSERT INTO answer(id,text,question_id) VALUES (275,'Nie',132);
--
-- INSERT INTO answer_adds_group_codes(answer_id,adds_group_codes) VALUES (9,'2310');
-- INSERT INTO answer_adds_group_codes(answer_id,adds_group_codes) VALUES (10,'2320');
-- INSERT INTO answer_adds_group_codes(answer_id,adds_group_codes) VALUES (11,'2330');
-- INSERT INTO answer_adds_group_codes(answer_id,adds_group_codes) VALUES (12,'2341');
-- INSERT INTO answer_adds_group_codes(answer_id,adds_group_codes) VALUES (13,'2342');
-- INSERT INTO answer_adds_group_codes(answer_id,adds_group_codes) VALUES (1,'23');
-- INSERT INTO answer_adds_group_codes(answer_id,adds_group_codes) VALUES (2,'23');
-- INSERT INTO answer_adds_group_codes(answer_id,adds_group_codes) VALUES (2,'214f');
-- INSERT INTO answer_adds_group_codes(answer_id,adds_group_codes) VALUES (2,'215');
-- INSERT INTO answer_adds_group_codes(answer_id,adds_group_codes) VALUES (2,'216f');
-- INSERT INTO answer_adds_group_codes(answer_id,adds_group_codes) VALUES (2,'2111');
-- INSERT INTO answer_adds_group_codes(answer_id,adds_group_codes) VALUES (3,'23');
-- INSERT INTO answer_adds_group_codes(answer_id,adds_group_codes) VALUES (3,'25');
-- INSERT INTO answer_adds_group_codes(answer_id,adds_group_codes) VALUES (3,'216i');
-- INSERT INTO answer_adds_group_codes(answer_id,adds_group_codes) VALUES (4,'22');
-- INSERT INTO answer_adds_group_codes(answer_id,adds_group_codes) VALUES (4,'23');
-- INSERT INTO answer_adds_group_codes(answer_id,adds_group_codes) VALUES (4,'213');
-- INSERT INTO answer_adds_group_codes(answer_id,adds_group_codes) VALUES (4,'2131');
-- INSERT INTO answer_adds_group_codes(answer_id,adds_group_codes) VALUES (4,'2149');
-- INSERT INTO answer_adds_group_codes(answer_id,adds_group_codes) VALUES (4,'229');
-- INSERT INTO answer_adds_group_codes(answer_id,adds_group_codes) VALUES (4,'2299');
-- INSERT INTO answer_adds_group_codes(answer_id,adds_group_codes) VALUES (4,'216b');
-- INSERT INTO answer_adds_group_codes(answer_id,adds_group_codes) VALUES (5,'22');
-- INSERT INTO answer_adds_group_codes(answer_id,adds_group_codes) VALUES (5,'23');
-- INSERT INTO answer_adds_group_codes(answer_id,adds_group_codes) VALUES (5,'229');
-- INSERT INTO answer_adds_group_codes(answer_id,adds_group_codes) VALUES (5,'2113');
-- INSERT INTO answer_adds_group_codes(answer_id,adds_group_codes) VALUES (5,'2145');
-- INSERT INTO answer_adds_group_codes(answer_id,adds_group_codes) VALUES (5,'2149');
-- INSERT INTO answer_adds_group_codes(answer_id,adds_group_codes) VALUES (6,'23');
-- INSERT INTO answer_adds_group_codes(answer_id,adds_group_codes) VALUES (6,'214g');
-- INSERT INTO answer_adds_group_codes(answer_id,adds_group_codes) VALUES (6,'211g');
-- INSERT INTO answer_adds_group_codes(answer_id,adds_group_codes) VALUES (6,'2113');
-- INSERT INTO answer_adds_group_codes(answer_id,adds_group_codes) VALUES (6,'2114');
-- INSERT INTO answer_adds_group_codes(answer_id,adds_group_codes) VALUES (6,'216g');
-- INSERT INTO answer_adds_group_codes(answer_id,adds_group_codes) VALUES (6,'2149');
-- INSERT INTO answer_adds_group_codes(answer_id,adds_group_codes) VALUES (7,'23');
-- INSERT INTO answer_adds_group_codes(answer_id,adds_group_codes) VALUES (7,'26');
-- INSERT INTO answer_adds_group_codes(answer_id,adds_group_codes) VALUES (8,'23');
-- INSERT INTO answer_adds_group_codes(answer_id,adds_group_codes) VALUES (8,'26');
-- INSERT INTO answer_adds_group_codes(answer_id,adds_group_codes) VALUES (8,'216a');
-- INSERT INTO answer_adds_group_codes(answer_id,adds_group_codes) VALUES (14,'241');
-- INSERT INTO answer_adds_group_codes(answer_id,adds_group_codes) VALUES (15,NULL);
-- INSERT INTO answer_adds_group_codes(answer_id,adds_group_codes) VALUES (16,'242');
-- INSERT INTO answer_adds_group_codes(answer_id,adds_group_codes) VALUES (17,NULL);
-- INSERT INTO answer_adds_group_codes(answer_id,adds_group_codes) VALUES (18,'243');
-- INSERT INTO answer_adds_group_codes(answer_id,adds_group_codes) VALUES (19,NULL);
-- INSERT INTO answer_adds_group_codes(answer_id,adds_group_codes) VALUES (20,'2440');
-- INSERT INTO answer_adds_group_codes(answer_id,adds_group_codes) VALUES (21,NULL);
-- INSERT INTO answer_adds_group_codes(answer_id,adds_group_codes) VALUES (22,'2411');
-- INSERT INTO answer_adds_group_codes(answer_id,adds_group_codes) VALUES (23,NULL);
-- INSERT INTO answer_adds_group_codes(answer_id,adds_group_codes) VALUES (24,'2412');
-- INSERT INTO answer_adds_group_codes(answer_id,adds_group_codes) VALUES (25,NULL);
-- INSERT INTO answer_adds_group_codes(answer_id,adds_group_codes) VALUES (26,'2413');
-- INSERT INTO answer_adds_group_codes(answer_id,adds_group_codes) VALUES (27,NULL);
-- INSERT INTO answer_adds_group_codes(answer_id,adds_group_codes) VALUES (28,'2421');
-- INSERT INTO answer_adds_group_codes(answer_id,adds_group_codes) VALUES (29,NULL);
-- INSERT INTO answer_adds_group_codes(answer_id,adds_group_codes) VALUES (30,'2422');
-- INSERT INTO answer_adds_group_codes(answer_id,adds_group_codes) VALUES (31,NULL);
-- INSERT INTO answer_adds_group_codes(answer_id,adds_group_codes) VALUES (32,'2423');
-- INSERT INTO answer_adds_group_codes(answer_id,adds_group_codes) VALUES (33,NULL);
-- INSERT INTO answer_adds_group_codes(answer_id,adds_group_codes) VALUES (34,'2424');
-- INSERT INTO answer_adds_group_codes(answer_id,adds_group_codes) VALUES (35,NULL);
-- INSERT INTO answer_adds_group_codes(answer_id,adds_group_codes) VALUES (36,'2431');
-- INSERT INTO answer_adds_group_codes(answer_id,adds_group_codes) VALUES (37,NULL);
-- INSERT INTO answer_adds_group_codes(answer_id,adds_group_codes) VALUES (38,'2432');
-- INSERT INTO answer_adds_group_codes(answer_id,adds_group_codes) VALUES (39,NULL);
-- INSERT INTO answer_adds_group_codes(answer_id,adds_group_codes) VALUES (40,'2433');
-- INSERT INTO answer_adds_group_codes(answer_id,adds_group_codes) VALUES (41,NULL);
-- INSERT INTO answer_adds_group_codes(answer_id,adds_group_codes) VALUES (42,'2434');
-- INSERT INTO answer_adds_group_codes(answer_id,adds_group_codes) VALUES (43,NULL);
-- INSERT INTO answer_adds_group_codes(answer_id,adds_group_codes) VALUES (44,'251');
-- INSERT INTO answer_adds_group_codes(answer_id,adds_group_codes) VALUES (45,NULL);
-- INSERT INTO answer_adds_group_codes(answer_id,adds_group_codes) VALUES (46,'252');
-- INSERT INTO answer_adds_group_codes(answer_id,adds_group_codes) VALUES (47,NULL);
-- INSERT INTO answer_adds_group_codes(answer_id,adds_group_codes) VALUES (48,'2511');
-- INSERT INTO answer_adds_group_codes(answer_id,adds_group_codes) VALUES (48,'2519');
-- INSERT INTO answer_adds_group_codes(answer_id,adds_group_codes) VALUES (49,NULL);
-- INSERT INTO answer_adds_group_codes(answer_id,adds_group_codes) VALUES (50,'2512');
-- INSERT INTO answer_adds_group_codes(answer_id,adds_group_codes) VALUES (50,'2519');
-- INSERT INTO answer_adds_group_codes(answer_id,adds_group_codes) VALUES (51,NULL);
-- INSERT INTO answer_adds_group_codes(answer_id,adds_group_codes) VALUES (52,'2513');
-- INSERT INTO answer_adds_group_codes(answer_id,adds_group_codes) VALUES (52,'2519');
-- INSERT INTO answer_adds_group_codes(answer_id,adds_group_codes) VALUES (53,NULL);
-- INSERT INTO answer_adds_group_codes(answer_id,adds_group_codes) VALUES (54,'2514');
-- INSERT INTO answer_adds_group_codes(answer_id,adds_group_codes) VALUES (54,'2519');
-- INSERT INTO answer_adds_group_codes(answer_id,adds_group_codes) VALUES (55,NULL);
-- INSERT INTO answer_adds_group_codes(answer_id,adds_group_codes) VALUES (56,'2521');
-- INSERT INTO answer_adds_group_codes(answer_id,adds_group_codes) VALUES (56,'2524');
-- INSERT INTO answer_adds_group_codes(answer_id,adds_group_codes) VALUES (57,NULL);
-- INSERT INTO answer_adds_group_codes(answer_id,adds_group_codes) VALUES (58,'2522');
-- INSERT INTO answer_adds_group_codes(answer_id,adds_group_codes) VALUES (58,'2524');
-- INSERT INTO answer_adds_group_codes(answer_id,adds_group_codes) VALUES (59,NULL);
-- INSERT INTO answer_adds_group_codes(answer_id,adds_group_codes) VALUES (60,'2523');
-- INSERT INTO answer_adds_group_codes(answer_id,adds_group_codes) VALUES (60,'2524');
-- INSERT INTO answer_adds_group_codes(answer_id,adds_group_codes) VALUES (61,NULL);
-- INSERT INTO answer_adds_group_codes(answer_id,adds_group_codes) VALUES (62,'2144');
-- INSERT INTO answer_adds_group_codes(answer_id,adds_group_codes) VALUES (63,NULL);
-- INSERT INTO answer_adds_group_codes(answer_id,adds_group_codes) VALUES (64,'2142');
-- INSERT INTO answer_adds_group_codes(answer_id,adds_group_codes) VALUES (65,NULL);
-- INSERT INTO answer_adds_group_codes(answer_id,adds_group_codes) VALUES (66,'2143');
-- INSERT INTO answer_adds_group_codes(answer_id,adds_group_codes) VALUES (67,NULL);
-- INSERT INTO answer_adds_group_codes(answer_id,adds_group_codes) VALUES (68,'2151');
-- INSERT INTO answer_adds_group_codes(answer_id,adds_group_codes) VALUES (69,NULL);
-- INSERT INTO answer_adds_group_codes(answer_id,adds_group_codes) VALUES (70,'2152');
-- INSERT INTO answer_adds_group_codes(answer_id,adds_group_codes) VALUES (71,NULL);
-- INSERT INTO answer_adds_group_codes(answer_id,adds_group_codes) VALUES (72,'2153');
-- INSERT INTO answer_adds_group_codes(answer_id,adds_group_codes) VALUES (73,NULL);
-- INSERT INTO answer_adds_group_codes(answer_id,adds_group_codes) VALUES (74,'2164');
-- INSERT INTO answer_adds_group_codes(answer_id,adds_group_codes) VALUES (75,NULL);
-- INSERT INTO answer_adds_group_codes(answer_id,adds_group_codes) VALUES (76,'2166');
-- INSERT INTO answer_adds_group_codes(answer_id,adds_group_codes) VALUES (77,NULL);
-- INSERT INTO answer_adds_group_codes(answer_id,adds_group_codes) VALUES (78,'221');
-- INSERT INTO answer_adds_group_codes(answer_id,adds_group_codes) VALUES (78,'226');
-- INSERT INTO answer_adds_group_codes(answer_id,adds_group_codes) VALUES (79,NULL);
-- INSERT INTO answer_adds_group_codes(answer_id,adds_group_codes) VALUES (80,'222');
-- INSERT INTO answer_adds_group_codes(answer_id,adds_group_codes) VALUES (80,'223');
-- INSERT INTO answer_adds_group_codes(answer_id,adds_group_codes) VALUES (81,NULL);
-- INSERT INTO answer_adds_group_codes(answer_id,adds_group_codes) VALUES (82,'2240');
-- INSERT INTO answer_adds_group_codes(answer_id,adds_group_codes) VALUES (83,NULL);
-- INSERT INTO answer_adds_group_codes(answer_id,adds_group_codes) VALUES (84,'225');
-- INSERT INTO answer_adds_group_codes(answer_id,adds_group_codes) VALUES (85,NULL);
-- INSERT INTO answer_adds_group_codes(answer_id,adds_group_codes) VALUES (86,'227');
-- INSERT INTO answer_adds_group_codes(answer_id,adds_group_codes) VALUES (86,'228');
-- INSERT INTO answer_adds_group_codes(answer_id,adds_group_codes) VALUES (87,NULL);
-- INSERT INTO answer_adds_group_codes(answer_id,adds_group_codes) VALUES (88,'2212');
-- INSERT INTO answer_adds_group_codes(answer_id,adds_group_codes) VALUES (89,'2211');
-- INSERT INTO answer_adds_group_codes(answer_id,adds_group_codes) VALUES (90,'2262');
-- INSERT INTO answer_adds_group_codes(answer_id,adds_group_codes) VALUES (91,'2261');
-- INSERT INTO answer_adds_group_codes(answer_id,adds_group_codes) VALUES (92,'2222');
-- INSERT INTO answer_adds_group_codes(answer_id,adds_group_codes) VALUES (93,'2221');
-- INSERT INTO answer_adds_group_codes(answer_id,adds_group_codes) VALUES (94,'2232');
-- INSERT INTO answer_adds_group_codes(answer_id,adds_group_codes) VALUES (95,'2231');
-- INSERT INTO answer_adds_group_codes(answer_id,adds_group_codes) VALUES (96,'2252');
-- INSERT INTO answer_adds_group_codes(answer_id,adds_group_codes) VALUES (97,'2251');
-- INSERT INTO answer_adds_group_codes(answer_id,adds_group_codes) VALUES (98,'2272');
-- INSERT INTO answer_adds_group_codes(answer_id,adds_group_codes) VALUES (99,'2271');
-- INSERT INTO answer_adds_group_codes(answer_id,adds_group_codes) VALUES (100,'2282');
-- INSERT INTO answer_adds_group_codes(answer_id,adds_group_codes) VALUES (101,'2281');
-- INSERT INTO answer_adds_group_codes(answer_id,adds_group_codes) VALUES (102,'2291');
-- INSERT INTO answer_adds_group_codes(answer_id,adds_group_codes) VALUES (103,NULL);
-- INSERT INTO answer_adds_group_codes(answer_id,adds_group_codes) VALUES (104,'2292');
-- INSERT INTO answer_adds_group_codes(answer_id,adds_group_codes) VALUES (105,NULL);
-- INSERT INTO answer_adds_group_codes(answer_id,adds_group_codes) VALUES (106,'2297');
-- INSERT INTO answer_adds_group_codes(answer_id,adds_group_codes) VALUES (107,NULL);
-- INSERT INTO answer_adds_group_codes(answer_id,adds_group_codes) VALUES (108,'2294');
-- INSERT INTO answer_adds_group_codes(answer_id,adds_group_codes) VALUES (109,NULL);
-- INSERT INTO answer_adds_group_codes(answer_id,adds_group_codes) VALUES (110,'2295');
-- INSERT INTO answer_adds_group_codes(answer_id,adds_group_codes) VALUES (111,NULL);
-- INSERT INTO answer_adds_group_codes(answer_id,adds_group_codes) VALUES (112,'2132');
-- INSERT INTO answer_adds_group_codes(answer_id,adds_group_codes) VALUES (113,NULL);
-- INSERT INTO answer_adds_group_codes(answer_id,adds_group_codes) VALUES (114,'2133');
-- INSERT INTO answer_adds_group_codes(answer_id,adds_group_codes) VALUES (115,NULL);
-- INSERT INTO answer_adds_group_codes(answer_id,adds_group_codes) VALUES (116,'2112');
-- INSERT INTO answer_adds_group_codes(answer_id,adds_group_codes) VALUES (117,NULL);
-- INSERT INTO answer_adds_group_codes(answer_id,adds_group_codes) VALUES (118,'2162');
-- INSERT INTO answer_adds_group_codes(answer_id,adds_group_codes) VALUES (119,NULL);
-- INSERT INTO answer_adds_group_codes(answer_id,adds_group_codes) VALUES (120,'2146');
-- INSERT INTO answer_adds_group_codes(answer_id,adds_group_codes) VALUES (121,NULL);
-- INSERT INTO answer_adds_group_codes(answer_id,adds_group_codes) VALUES (122,'2165');
-- INSERT INTO answer_adds_group_codes(answer_id,adds_group_codes) VALUES (123,NULL);
-- INSERT INTO answer_adds_group_codes(answer_id,adds_group_codes) VALUES (124,'261');
-- INSERT INTO answer_adds_group_codes(answer_id,adds_group_codes) VALUES (125,NULL);
-- INSERT INTO answer_adds_group_codes(answer_id,adds_group_codes) VALUES (126,'262');
-- INSERT INTO answer_adds_group_codes(answer_id,adds_group_codes) VALUES (127,NULL);
-- INSERT INTO answer_adds_group_codes(answer_id,adds_group_codes) VALUES (128,'263');
-- INSERT INTO answer_adds_group_codes(answer_id,adds_group_codes) VALUES (129,NULL);
-- INSERT INTO answer_adds_group_codes(answer_id,adds_group_codes) VALUES (130,'264');
-- INSERT INTO answer_adds_group_codes(answer_id,adds_group_codes) VALUES (131,NULL);
-- INSERT INTO answer_adds_group_codes(answer_id,adds_group_codes) VALUES (132,'265');
-- INSERT INTO answer_adds_group_codes(answer_id,adds_group_codes) VALUES (133,NULL);
-- INSERT INTO answer_adds_group_codes(answer_id,adds_group_codes) VALUES (134,'2611');
-- INSERT INTO answer_adds_group_codes(answer_id,adds_group_codes) VALUES (134,'2619');
-- INSERT INTO answer_adds_group_codes(answer_id,adds_group_codes) VALUES (135,NULL);
-- INSERT INTO answer_adds_group_codes(answer_id,adds_group_codes) VALUES (136,'2612');
-- INSERT INTO answer_adds_group_codes(answer_id,adds_group_codes) VALUES (136,'2619');
-- INSERT INTO answer_adds_group_codes(answer_id,adds_group_codes) VALUES (137,NULL);
-- INSERT INTO answer_adds_group_codes(answer_id,adds_group_codes) VALUES (138,'2621');
-- INSERT INTO answer_adds_group_codes(answer_id,adds_group_codes) VALUES (139,NULL);
-- INSERT INTO answer_adds_group_codes(answer_id,adds_group_codes) VALUES (140,'2622');
-- INSERT INTO answer_adds_group_codes(answer_id,adds_group_codes) VALUES (141,NULL);
-- INSERT INTO answer_adds_group_codes(answer_id,adds_group_codes) VALUES (142,'2631');
-- INSERT INTO answer_adds_group_codes(answer_id,adds_group_codes) VALUES (143,NULL);
-- INSERT INTO answer_adds_group_codes(answer_id,adds_group_codes) VALUES (144,'2632');
-- INSERT INTO answer_adds_group_codes(answer_id,adds_group_codes) VALUES (145,NULL);
-- INSERT INTO answer_adds_group_codes(answer_id,adds_group_codes) VALUES (146,'2633');
-- INSERT INTO answer_adds_group_codes(answer_id,adds_group_codes) VALUES (147,NULL);
-- INSERT INTO answer_adds_group_codes(answer_id,adds_group_codes) VALUES (148,'2634');
-- INSERT INTO answer_adds_group_codes(answer_id,adds_group_codes) VALUES (149,NULL);
-- INSERT INTO answer_adds_group_codes(answer_id,adds_group_codes) VALUES (150,'2635');
-- INSERT INTO answer_adds_group_codes(answer_id,adds_group_codes) VALUES (151,NULL);
-- INSERT INTO answer_adds_group_codes(answer_id,adds_group_codes) VALUES (152,'2636');
-- INSERT INTO answer_adds_group_codes(answer_id,adds_group_codes) VALUES (153,NULL);
-- INSERT INTO answer_adds_group_codes(answer_id,adds_group_codes) VALUES (154,'2641');
-- INSERT INTO answer_adds_group_codes(answer_id,adds_group_codes) VALUES (155,NULL);
-- INSERT INTO answer_adds_group_codes(answer_id,adds_group_codes) VALUES (156,'2642');
-- INSERT INTO answer_adds_group_codes(answer_id,adds_group_codes) VALUES (157,NULL);
-- INSERT INTO answer_adds_group_codes(answer_id,adds_group_codes) VALUES (158,'2643');
-- INSERT INTO answer_adds_group_codes(answer_id,adds_group_codes) VALUES (159,NULL);
-- INSERT INTO answer_adds_group_codes(answer_id,adds_group_codes) VALUES (160,'2651');
-- INSERT INTO answer_adds_group_codes(answer_id,adds_group_codes) VALUES (160,'2659');
-- INSERT INTO answer_adds_group_codes(answer_id,adds_group_codes) VALUES (161,NULL);
-- INSERT INTO answer_adds_group_codes(answer_id,adds_group_codes) VALUES (162,'2652');
-- INSERT INTO answer_adds_group_codes(answer_id,adds_group_codes) VALUES (162,'2659');
-- INSERT INTO answer_adds_group_codes(answer_id,adds_group_codes) VALUES (163,NULL);
-- INSERT INTO answer_adds_group_codes(answer_id,adds_group_codes) VALUES (164,'2653');
-- INSERT INTO answer_adds_group_codes(answer_id,adds_group_codes) VALUES (164,'2659');
-- INSERT INTO answer_adds_group_codes(answer_id,adds_group_codes) VALUES (165,NULL);
-- INSERT INTO answer_adds_group_codes(answer_id,adds_group_codes) VALUES (166,'2654');
-- INSERT INTO answer_adds_group_codes(answer_id,adds_group_codes) VALUES (166,'2659');
-- INSERT INTO answer_adds_group_codes(answer_id,adds_group_codes) VALUES (167,NULL);
-- INSERT INTO answer_adds_group_codes(answer_id,adds_group_codes) VALUES (168,'2655');
-- INSERT INTO answer_adds_group_codes(answer_id,adds_group_codes) VALUES (168,'2659');
-- INSERT INTO answer_adds_group_codes(answer_id,adds_group_codes) VALUES (169,NULL);
-- INSERT INTO answer_adds_group_codes(answer_id,adds_group_codes) VALUES (170,'2656');
-- INSERT INTO answer_adds_group_codes(answer_id,adds_group_codes) VALUES (170,'2659');
-- INSERT INTO answer_adds_group_codes(answer_id,adds_group_codes) VALUES (171,NULL);
-- INSERT INTO answer_adds_group_codes(answer_id,adds_group_codes) VALUES (172,'2162');
-- INSERT INTO answer_adds_group_codes(answer_id,adds_group_codes) VALUES (173,NULL);
-- INSERT INTO answer_adds_group_codes(answer_id,adds_group_codes) VALUES (174,'2163');
-- INSERT INTO answer_adds_group_codes(answer_id,adds_group_codes) VALUES (175,NULL);
-- INSERT INTO answer_adds_group_codes(answer_id,adds_group_codes) VALUES (176,'2166');
-- INSERT INTO answer_adds_group_codes(answer_id,adds_group_codes) VALUES (177,NULL);
-- INSERT INTO answer_adds_group_codes(answer_id,adds_group_codes) VALUES (178,'1');
-- INSERT INTO answer_adds_group_codes(answer_id,adds_group_codes) VALUES (179,NULL);
-- INSERT INTO answer_adds_group_codes(answer_id,adds_group_codes) VALUES (180,'11');
-- INSERT INTO answer_adds_group_codes(answer_id,adds_group_codes) VALUES (181,'121');
-- INSERT INTO answer_adds_group_codes(answer_id,adds_group_codes) VALUES (181,'122');
-- INSERT INTO answer_adds_group_codes(answer_id,adds_group_codes) VALUES (181,'131');
-- INSERT INTO answer_adds_group_codes(answer_id,adds_group_codes) VALUES (181,'132');
-- INSERT INTO answer_adds_group_codes(answer_id,adds_group_codes) VALUES (181,'133');
-- INSERT INTO answer_adds_group_codes(answer_id,adds_group_codes) VALUES (181,'134');
-- INSERT INTO answer_adds_group_codes(answer_id,adds_group_codes) VALUES (181,'141');
-- INSERT INTO answer_adds_group_codes(answer_id,adds_group_codes) VALUES (181,'142');
-- INSERT INTO answer_adds_group_codes(answer_id,adds_group_codes) VALUES (182,'11');
-- INSERT INTO answer_adds_group_codes(answer_id,adds_group_codes) VALUES (182,'121');
-- INSERT INTO answer_adds_group_codes(answer_id,adds_group_codes) VALUES (182,'122');
-- INSERT INTO answer_adds_group_codes(answer_id,adds_group_codes) VALUES (182,'131');
-- INSERT INTO answer_adds_group_codes(answer_id,adds_group_codes) VALUES (182,'132');
-- INSERT INTO answer_adds_group_codes(answer_id,adds_group_codes) VALUES (182,'133');
-- INSERT INTO answer_adds_group_codes(answer_id,adds_group_codes) VALUES (182,'134');
-- INSERT INTO answer_adds_group_codes(answer_id,adds_group_codes) VALUES (182,'141');
-- INSERT INTO answer_adds_group_codes(answer_id,adds_group_codes) VALUES (182,'142');
-- INSERT INTO answer_adds_group_codes(answer_id,adds_group_codes) VALUES (183,'111');
-- INSERT INTO answer_adds_group_codes(answer_id,adds_group_codes) VALUES (184,NULL);
-- INSERT INTO answer_adds_group_codes(answer_id,adds_group_codes) VALUES (185,'1120');
-- INSERT INTO answer_adds_group_codes(answer_id,adds_group_codes) VALUES (186,NULL);
-- INSERT INTO answer_adds_group_codes(answer_id,adds_group_codes) VALUES (187,'1111');
-- INSERT INTO answer_adds_group_codes(answer_id,adds_group_codes) VALUES (188,NULL);
-- INSERT INTO answer_adds_group_codes(answer_id,adds_group_codes) VALUES (189,'1112');
-- INSERT INTO answer_adds_group_codes(answer_id,adds_group_codes) VALUES (190,NULL);
-- INSERT INTO answer_adds_group_codes(answer_id,adds_group_codes) VALUES (191,'1113');
-- INSERT INTO answer_adds_group_codes(answer_id,adds_group_codes) VALUES (192,NULL);
-- INSERT INTO answer_adds_group_codes(answer_id,adds_group_codes) VALUES (193,'1114');
-- INSERT INTO answer_adds_group_codes(answer_id,adds_group_codes) VALUES (194,NULL);
-- INSERT INTO answer_adds_group_codes(answer_id,adds_group_codes) VALUES (195,'1211');
-- INSERT INTO answer_adds_group_codes(answer_id,adds_group_codes) VALUES (195,'1219');
-- INSERT INTO answer_adds_group_codes(answer_id,adds_group_codes) VALUES (196,NULL);
-- INSERT INTO answer_adds_group_codes(answer_id,adds_group_codes) VALUES (197,'1212');
-- INSERT INTO answer_adds_group_codes(answer_id,adds_group_codes) VALUES (197,'1219');
-- INSERT INTO answer_adds_group_codes(answer_id,adds_group_codes) VALUES (198,NULL);
-- INSERT INTO answer_adds_group_codes(answer_id,adds_group_codes) VALUES (199,'1213');
-- INSERT INTO answer_adds_group_codes(answer_id,adds_group_codes) VALUES (199,'1219');
-- INSERT INTO answer_adds_group_codes(answer_id,adds_group_codes) VALUES (200,NULL);
-- INSERT INTO answer_adds_group_codes(answer_id,adds_group_codes) VALUES (201,'1221');
-- INSERT INTO answer_adds_group_codes(answer_id,adds_group_codes) VALUES (202,NULL);
-- INSERT INTO answer_adds_group_codes(answer_id,adds_group_codes) VALUES (203,'1222');
-- INSERT INTO answer_adds_group_codes(answer_id,adds_group_codes) VALUES (204,NULL);
-- INSERT INTO answer_adds_group_codes(answer_id,adds_group_codes) VALUES (205,'1223');
-- INSERT INTO answer_adds_group_codes(answer_id,adds_group_codes) VALUES (206,NULL);
-- INSERT INTO answer_adds_group_codes(answer_id,adds_group_codes) VALUES (207,'1311');
-- INSERT INTO answer_adds_group_codes(answer_id,adds_group_codes) VALUES (208,NULL);
-- INSERT INTO answer_adds_group_codes(answer_id,adds_group_codes) VALUES (209,'1312');
-- INSERT INTO answer_adds_group_codes(answer_id,adds_group_codes) VALUES (210,NULL);
-- INSERT INTO answer_adds_group_codes(answer_id,adds_group_codes) VALUES (211,'1321');
-- INSERT INTO answer_adds_group_codes(answer_id,adds_group_codes) VALUES (212,NULL);
-- INSERT INTO answer_adds_group_codes(answer_id,adds_group_codes) VALUES (213,'1322');
-- INSERT INTO answer_adds_group_codes(answer_id,adds_group_codes) VALUES (214,NULL);
-- INSERT INTO answer_adds_group_codes(answer_id,adds_group_codes) VALUES (215,'1323');
-- INSERT INTO answer_adds_group_codes(answer_id,adds_group_codes) VALUES (216,NULL);
-- INSERT INTO answer_adds_group_codes(answer_id,adds_group_codes) VALUES (217,'1324');
-- INSERT INTO answer_adds_group_codes(answer_id,adds_group_codes) VALUES (218,NULL);
-- INSERT INTO answer_adds_group_codes(answer_id,adds_group_codes) VALUES (219,'1330');
-- INSERT INTO answer_adds_group_codes(answer_id,adds_group_codes) VALUES (220,NULL);
-- INSERT INTO answer_adds_group_codes(answer_id,adds_group_codes) VALUES (221,'1341');
-- INSERT INTO answer_adds_group_codes(answer_id,adds_group_codes) VALUES (221,'1349');
-- INSERT INTO answer_adds_group_codes(answer_id,adds_group_codes) VALUES (222,NULL);
-- INSERT INTO answer_adds_group_codes(answer_id,adds_group_codes) VALUES (223,'1342');
-- INSERT INTO answer_adds_group_codes(answer_id,adds_group_codes) VALUES (223,'1349');
-- INSERT INTO answer_adds_group_codes(answer_id,adds_group_codes) VALUES (224,NULL);
-- INSERT INTO answer_adds_group_codes(answer_id,adds_group_codes) VALUES (225,'1343');
-- INSERT INTO answer_adds_group_codes(answer_id,adds_group_codes) VALUES (225,'1349');
-- INSERT INTO answer_adds_group_codes(answer_id,adds_group_codes) VALUES (226,NULL);
-- INSERT INTO answer_adds_group_codes(answer_id,adds_group_codes) VALUES (227,'1344');
-- INSERT INTO answer_adds_group_codes(answer_id,adds_group_codes) VALUES (227,'1349');
-- INSERT INTO answer_adds_group_codes(answer_id,adds_group_codes) VALUES (228,NULL);
-- INSERT INTO answer_adds_group_codes(answer_id,adds_group_codes) VALUES (229,'1345');
-- INSERT INTO answer_adds_group_codes(answer_id,adds_group_codes) VALUES (229,'1349');
-- INSERT INTO answer_adds_group_codes(answer_id,adds_group_codes) VALUES (230,NULL);
-- INSERT INTO answer_adds_group_codes(answer_id,adds_group_codes) VALUES (231,'1346');
-- INSERT INTO answer_adds_group_codes(answer_id,adds_group_codes) VALUES (231,'1349');
-- INSERT INTO answer_adds_group_codes(answer_id,adds_group_codes) VALUES (232,NULL);
-- INSERT INTO answer_adds_group_codes(answer_id,adds_group_codes) VALUES (233,'1411');
-- INSERT INTO answer_adds_group_codes(answer_id,adds_group_codes) VALUES (234,NULL);
-- INSERT INTO answer_adds_group_codes(answer_id,adds_group_codes) VALUES (235,'1412');
-- INSERT INTO answer_adds_group_codes(answer_id,adds_group_codes) VALUES (236,NULL);
-- INSERT INTO answer_adds_group_codes(answer_id,adds_group_codes) VALUES (237,'1431');
-- INSERT INTO answer_adds_group_codes(answer_id,adds_group_codes) VALUES (237,'1439');
-- INSERT INTO answer_adds_group_codes(answer_id,adds_group_codes) VALUES (238,NULL);
-- INSERT INTO answer_adds_group_codes(answer_id,adds_group_codes) VALUES (239,'P');
-- INSERT INTO answer_adds_group_codes(answer_id,adds_group_codes) VALUES (240,'LZ');
-- INSERT INTO answer_adds_group_codes(answer_id,adds_group_codes) VALUES (241,'TS');
-- INSERT INTO answer_adds_group_codes(answer_id,adds_group_codes) VALUES (242,'P_dalej');
-- INSERT INTO answer_adds_group_codes(answer_id,adds_group_codes) VALUES (243,'P_wojsko');
-- INSERT INTO answer_adds_group_codes(answer_id,adds_group_codes) VALUES (244,'0310');
-- INSERT INTO answer_adds_group_codes(answer_id,adds_group_codes) VALUES (244,'9');
-- INSERT INTO answer_adds_group_codes(answer_id,adds_group_codes) VALUES (245,'9');
-- INSERT INTO answer_adds_group_codes(answer_id,adds_group_codes) VALUES (246,'PLZ');
-- INSERT INTO answer_adds_group_codes(answer_id,adds_group_codes) VALUES (247,'PTS');
-- INSERT INTO answer_adds_group_codes(answer_id,adds_group_codes) VALUES (248,'PLZ_F');
-- INSERT INTO answer_adds_group_codes(answer_id,adds_group_codes) VALUES (249,'PLZ_U');
-- INSERT INTO answer_adds_group_codes(answer_id,adds_group_codes) VALUES (250,'1');
-- INSERT INTO answer_adds_group_codes(answer_id,adds_group_codes) VALUES (250,'2');
-- INSERT INTO answer_adds_group_codes(answer_id,adds_group_codes) VALUES (250,'3');
-- INSERT INTO answer_adds_group_codes(answer_id,adds_group_codes) VALUES (250,'4');
-- INSERT INTO answer_adds_group_codes(answer_id,adds_group_codes) VALUES (250,'5');
-- INSERT INTO answer_adds_group_codes(answer_id,adds_group_codes) VALUES (250,'0210');
-- INSERT INTO answer_adds_group_codes(answer_id,adds_group_codes) VALUES (251,'1');
-- INSERT INTO answer_adds_group_codes(answer_id,adds_group_codes) VALUES (251,'2');
-- INSERT INTO answer_adds_group_codes(answer_id,adds_group_codes) VALUES (251,'3');
-- INSERT INTO answer_adds_group_codes(answer_id,adds_group_codes) VALUES (251,'4');
-- INSERT INTO answer_adds_group_codes(answer_id,adds_group_codes) VALUES (251,'5');
-- INSERT INTO answer_adds_group_codes(answer_id,adds_group_codes) VALUES (252,'5');
-- INSERT INTO answer_adds_group_codes(answer_id,adds_group_codes) VALUES (252,'6');
-- INSERT INTO answer_adds_group_codes(answer_id,adds_group_codes) VALUES (252,'7');
-- INSERT INTO answer_adds_group_codes(answer_id,adds_group_codes) VALUES (252,'8');
-- INSERT INTO answer_adds_group_codes(answer_id,adds_group_codes) VALUES (252,'0210');
-- INSERT INTO answer_adds_group_codes(answer_id,adds_group_codes) VALUES (253,'5');
-- INSERT INTO answer_adds_group_codes(answer_id,adds_group_codes) VALUES (253,'6');
-- INSERT INTO answer_adds_group_codes(answer_id,adds_group_codes) VALUES (253,'7');
-- INSERT INTO answer_adds_group_codes(answer_id,adds_group_codes) VALUES (253,'8');
-- INSERT INTO answer_adds_group_codes(answer_id,adds_group_codes) VALUES (254,'1');
-- INSERT INTO answer_adds_group_codes(answer_id,adds_group_codes) VALUES (254,'2');
-- INSERT INTO answer_adds_group_codes(answer_id,adds_group_codes) VALUES (254,'4');
-- INSERT INTO answer_adds_group_codes(answer_id,adds_group_codes) VALUES (254,'5');
-- INSERT INTO answer_adds_group_codes(answer_id,adds_group_codes) VALUES (254,'0210');
-- INSERT INTO answer_adds_group_codes(answer_id,adds_group_codes) VALUES (255,'1');
-- INSERT INTO answer_adds_group_codes(answer_id,adds_group_codes) VALUES (255,'2');
-- INSERT INTO answer_adds_group_codes(answer_id,adds_group_codes) VALUES (255,'4');
-- INSERT INTO answer_adds_group_codes(answer_id,adds_group_codes) VALUES (255,'5');
-- INSERT INTO answer_adds_group_codes(answer_id,adds_group_codes) VALUES (256,'LZ_dalej');
-- INSERT INTO answer_adds_group_codes(answer_id,adds_group_codes) VALUES (257,'LZ_FU');
-- INSERT INTO answer_adds_group_codes(answer_id,adds_group_codes) VALUES (258,'LZ_wojsko_studia');
-- INSERT INTO answer_adds_group_codes(answer_id,adds_group_codes) VALUES (259,'LZ_wojsko_policealna');
-- INSERT INTO answer_adds_group_codes(answer_id,adds_group_codes) VALUES (260,'1');
-- INSERT INTO answer_adds_group_codes(answer_id,adds_group_codes) VALUES (260,'2');
-- INSERT INTO answer_adds_group_codes(answer_id,adds_group_codes) VALUES (260,'3');
-- INSERT INTO answer_adds_group_codes(answer_id,adds_group_codes) VALUES (260,'4');
-- INSERT INTO answer_adds_group_codes(answer_id,adds_group_codes) VALUES (260,'5');
-- INSERT INTO answer_adds_group_codes(answer_id,adds_group_codes) VALUES (260,'0110');
-- INSERT INTO answer_adds_group_codes(answer_id,adds_group_codes) VALUES (261,'1');
-- INSERT INTO answer_adds_group_codes(answer_id,adds_group_codes) VALUES (261,'2');
-- INSERT INTO answer_adds_group_codes(answer_id,adds_group_codes) VALUES (261,'3');
-- INSERT INTO answer_adds_group_codes(answer_id,adds_group_codes) VALUES (261,'4');
-- INSERT INTO answer_adds_group_codes(answer_id,adds_group_codes) VALUES (261,'5');
-- INSERT INTO answer_adds_group_codes(answer_id,adds_group_codes) VALUES (262,'1');
-- INSERT INTO answer_adds_group_codes(answer_id,adds_group_codes) VALUES (262,'2');
-- INSERT INTO answer_adds_group_codes(answer_id,adds_group_codes) VALUES (262,'3');
-- INSERT INTO answer_adds_group_codes(answer_id,adds_group_codes) VALUES (262,'4');
-- INSERT INTO answer_adds_group_codes(answer_id,adds_group_codes) VALUES (262,'5');
-- INSERT INTO answer_adds_group_codes(answer_id,adds_group_codes) VALUES (262,'0210');
-- INSERT INTO answer_adds_group_codes(answer_id,adds_group_codes) VALUES (263,'1');
-- INSERT INTO answer_adds_group_codes(answer_id,adds_group_codes) VALUES (263,'2');
-- INSERT INTO answer_adds_group_codes(answer_id,adds_group_codes) VALUES (263,'3');
-- INSERT INTO answer_adds_group_codes(answer_id,adds_group_codes) VALUES (263,'4');
-- INSERT INTO answer_adds_group_codes(answer_id,adds_group_codes) VALUES (263,'5');
-- INSERT INTO answer_adds_group_codes(answer_id,adds_group_codes) VALUES (264,'LZ_F_wojsko');
-- INSERT INTO answer_adds_group_codes(answer_id,adds_group_codes) VALUES (265,'LZ_U_wojsko');
-- INSERT INTO answer_adds_group_codes(answer_id,adds_group_codes) VALUES (266,'5');
-- INSERT INTO answer_adds_group_codes(answer_id,adds_group_codes) VALUES (266,'6');
-- INSERT INTO answer_adds_group_codes(answer_id,adds_group_codes) VALUES (266,'7');
-- INSERT INTO answer_adds_group_codes(answer_id,adds_group_codes) VALUES (266,'8');
-- INSERT INTO answer_adds_group_codes(answer_id,adds_group_codes) VALUES (266,'0210');
-- INSERT INTO answer_adds_group_codes(answer_id,adds_group_codes) VALUES (267,'5');
-- INSERT INTO answer_adds_group_codes(answer_id,adds_group_codes) VALUES (267,'6');
-- INSERT INTO answer_adds_group_codes(answer_id,adds_group_codes) VALUES (267,'7');
-- INSERT INTO answer_adds_group_codes(answer_id,adds_group_codes) VALUES (267,'8');
-- INSERT INTO answer_adds_group_codes(answer_id,adds_group_codes) VALUES (268,'5');
-- INSERT INTO answer_adds_group_codes(answer_id,adds_group_codes) VALUES (268,'0210');
-- INSERT INTO answer_adds_group_codes(answer_id,adds_group_codes) VALUES (269,'5');
-- INSERT INTO answer_adds_group_codes(answer_id,adds_group_codes) VALUES (270,'TS_dalej_wojsko');
-- INSERT INTO answer_adds_group_codes(answer_id,adds_group_codes) VALUES (271,'TS_wojsko');
-- INSERT INTO answer_adds_group_codes(answer_id,adds_group_codes) VALUES (272,'1');
-- INSERT INTO answer_adds_group_codes(answer_id,adds_group_codes) VALUES (272,'2');
-- INSERT INTO answer_adds_group_codes(answer_id,adds_group_codes) VALUES (272,'0110');
-- INSERT INTO answer_adds_group_codes(answer_id,adds_group_codes) VALUES (273,'1');
-- INSERT INTO answer_adds_group_codes(answer_id,adds_group_codes) VALUES (273,'2');
-- INSERT INTO answer_adds_group_codes(answer_id,adds_group_codes) VALUES (274,'1');
-- INSERT INTO answer_adds_group_codes(answer_id,adds_group_codes) VALUES (274,'3');
-- INSERT INTO answer_adds_group_codes(answer_id,adds_group_codes) VALUES (274,'4');
-- INSERT INTO answer_adds_group_codes(answer_id,adds_group_codes) VALUES (274,'5');
-- INSERT INTO answer_adds_group_codes(answer_id,adds_group_codes) VALUES (274,'0210');
-- INSERT INTO answer_adds_group_codes(answer_id,adds_group_codes) VALUES (275,'1');
-- INSERT INTO answer_adds_group_codes(answer_id,adds_group_codes) VALUES (275,'3');
-- INSERT INTO answer_adds_group_codes(answer_id,adds_group_codes) VALUES (275,'4');
-- INSERT INTO answer_adds_group_codes(answer_id,adds_group_codes) VALUES (275,'5');
--
-- INSERT INTO question(id,group_code,text,has_similar_questions) VALUES (1,'2','Wybierz przedmioty które lubisz:','false');
-- INSERT INTO question(id,group_code,text,has_similar_questions) VALUES (2,'23','Jako nauczyciel, w jakiej szkole chciałbyś/chciałabyś nauczać?','false');
-- INSERT INTO question(id,group_code,text,has_similar_questions) VALUES (3,'24','Czy interesują Cię finanse?','false');
-- INSERT INTO question(id,group_code,text,has_similar_questions) VALUES (4,'24','Czy posiadasz zdolności przywódcze?','false');
-- INSERT INTO question(id,group_code,text,has_similar_questions) VALUES (5,'24','Czy lubisz prowadzić prezentacje przed wieloma ludźmi?','false');
-- INSERT INTO question(id,group_code,text,has_similar_questions) VALUES (6,'24','Czy interesujesz się nieruchomościami?','false');
-- INSERT INTO question(id,group_code,text,has_similar_questions) VALUES (7,'241','Czy jesteś dokładny i uważny?','false');
-- INSERT INTO question(id,group_code,text,has_similar_questions) VALUES (8,'241','Czy lubisz doradzać innym?','false');
-- INSERT INTO question(id,group_code,text,has_similar_questions) VALUES (9,'241','Czy lubisz analizować?','false');
-- INSERT INTO question(id,group_code,text,has_similar_questions) VALUES (10,'242','Czy jesteś osobą pomysłową i zorganizowaną?','false');
-- INSERT INTO question(id,group_code,text,has_similar_questions) VALUES (11,'242','Czy potrafisz myśleć strategicznie?','false');
-- INSERT INTO question(id,group_code,text,has_similar_questions) VALUES (12,'242','Czy zazwyczaj poprawnie oceniasz ludzi?','false');
-- INSERT INTO question(id,group_code,text,has_similar_questions) VALUES (13,'242','Czy nauczać ludzi?','false');
-- INSERT INTO question(id,group_code,text,has_similar_questions) VALUES (14,'243','Czy potrafisz myśleć strategicznie?','false');
-- INSERT INTO question(id,group_code,text,has_similar_questions) VALUES (15,'243','Czy jesteś osobą charyzmatyczną?','false');
-- INSERT INTO question(id,group_code,text,has_similar_questions) VALUES (16,'243','Czy interesujesz sę biologią/chemią?','false');
-- INSERT INTO question(id,group_code,text,has_similar_questions) VALUES (17,'243','Czy interesujesz się informatyką?','false');
-- INSERT INTO question(id,group_code,text,has_similar_questions) VALUES (18,'25','Czy jesteś osobą kreatywną i/lub posiadającą zdolności analityczne?','false');
-- INSERT INTO question(id,group_code,text,has_similar_questions) VALUES (19,'25','Czy jesteś osobą uważną?','false');
-- INSERT INTO question(id,group_code,text,has_similar_questions) VALUES (20,'251','Czy lubisz pracować z ludźmi? (klientami)','false');
-- INSERT INTO question(id,group_code,text,has_similar_questions) VALUES (21,'251','Czy lubisz weryfikować informacje?','false');
-- INSERT INTO question(id,group_code,text,has_similar_questions) VALUES (22,'251','Czy posiadasz zmysł estetyczny?','false');
-- INSERT INTO question(id,group_code,text,has_similar_questions) VALUES (23,'251','Czy interesuje Cię ciągłe udoskonalanie pracy swojej lub innych?','false');
-- INSERT INTO question(id,group_code,text,has_similar_questions) VALUES (24,'252','Czy dobrze odnajdujesz się w pracy z dużą ilością danych?','false');
-- INSERT INTO question(id,group_code,text,has_similar_questions) VALUES (25,'252','Czy jesteś dobrze zorganizowany?','false');
-- INSERT INTO question(id,group_code,text,has_similar_questions) VALUES (26,'252','Czy jesteś osobą cierpliwą i wytrwałą?','false');
-- INSERT INTO question(id,group_code,text,has_similar_questions) VALUES (27,'214f','Czy interesuje Cię mechanika?','false');
-- INSERT INTO question(id,group_code,text,has_similar_questions) VALUES (28,'214f','Czy interesuje Cię budownictwo?','false');
-- INSERT INTO question(id,group_code,text,has_similar_questions) VALUES (29,'214f','Czy interesuje Cię technologia dostarczania podstawowym zasobów takich jak woda czy energia do miejsca przeznaczenia?','false');
-- INSERT INTO question(id,group_code,text,has_similar_questions) VALUES (30,'215','Czy interesują Cię procesy  wytwarzania, przetwarzania i wykorzystania energii elektrycznej?','false');
-- INSERT INTO question(id,group_code,text,has_similar_questions) VALUES (31,'215','Czy interesuje Cię elektronika?','false');
-- INSERT INTO question(id,group_code,text,has_similar_questions) VALUES (32,'215','Czy interesują Cię technologie telekomunikacyjne?','false');
-- INSERT INTO question(id,group_code,text,has_similar_questions) VALUES (33,'216f','Czy interesuje Cię planowanie miast (urbanistyka)?','false');
-- INSERT INTO question(id,group_code,text,has_similar_questions) VALUES (34,'216i','Czy interesuje Cię grafika komputerowa?','false');
-- INSERT INTO question(id,group_code,text,has_similar_questions) VALUES (35,'22','Czy interesuje Cię budowa i funkcjonowanie organizmu człowieka','false');
-- INSERT INTO question(id,group_code,text,has_similar_questions) VALUES (36,'22','Czy jesteś opiekuńczy?','false');
-- INSERT INTO question(id,group_code,text,has_similar_questions) VALUES (37,'22','Czy potrafisz pracować pod dużą presją?','false');
-- INSERT INTO question(id,group_code,text,has_similar_questions) VALUES (38,'22','Czy lubisz zwierzęta?','false');
-- INSERT INTO question(id,group_code,text,has_similar_questions) VALUES (39,'22','Czy praca w laboratorium chemicznym/medycznym wydaje Ci się interesująca?','false');
-- INSERT INTO question(id,group_code,text,has_similar_questions) VALUES (40,'221','Czy chciałbyś ukończyć specjalizacje?','false');
-- INSERT INTO question(id,group_code,text,has_similar_questions) VALUES (41,'226','Czy chciałbyś ukończyć specjalizacje?','false');
-- INSERT INTO question(id,group_code,text,has_similar_questions) VALUES (42,'222','Czy chciałbyś ukończyć specjalizacje?','false');
-- INSERT INTO question(id,group_code,text,has_similar_questions) VALUES (43,'223','Czy chciałbyś ukończyć specjalizacje?','false');
-- INSERT INTO question(id,group_code,text,has_similar_questions) VALUES (44,'225','Czy chciałbyś ukończyć specjalizacje?','false');
-- INSERT INTO question(id,group_code,text,has_similar_questions) VALUES (45,'227','Czy chciałbyś ukończyć specjalizacje?','false');
-- INSERT INTO question(id,group_code,text,has_similar_questions) VALUES (46,'228','Czy chciałbyś ukończyć specjalizacje?','false');
-- INSERT INTO question(id,group_code,text,has_similar_questions) VALUES (47,'229','Czy jesteś osobą skrupulatną?','false');
-- INSERT INTO question(id,group_code,text,has_similar_questions) VALUES (48,'229','Czy posiadasz zdolności manualne?','false');
-- INSERT INTO question(id,group_code,text,has_similar_questions) VALUES (49,'229','Czy interesuje Cię zdrowe odżywianie?','false');
-- INSERT INTO question(id,group_code,text,has_similar_questions) VALUES (50,'229','Czy uważasz za interesujące leczenie schorzeń słuchu/wymowy?','false');
-- INSERT INTO question(id,group_code,text,has_similar_questions) VALUES (51,'229','Czy uważasz za interesujące leczenie zaburzeń wzroku?','false');
-- INSERT INTO question(id,group_code,text,has_similar_questions) VALUES (52,'213','Czy interesuje Cię rolnictwo?','false');
-- INSERT INTO question(id,group_code,text,has_similar_questions) VALUES (53,'213','Czy troska o środowisko naturalne jest dla Ciębie ważną sprawą?','false');
-- INSERT INTO question(id,group_code,text,has_similar_questions) VALUES (54,'211g','Czy interesują Cię meteorologia?','false');
-- INSERT INTO question(id,group_code,text,has_similar_questions) VALUES (55,'216b','Czy interesuje Cię architektura zieleni i/lub florystyka?','false');
-- INSERT INTO question(id,group_code,text,has_similar_questions) VALUES (56,'214g','Czy interesuje Cię górnictwo i/lub metalurgia?','false');
-- INSERT INTO question(id,group_code,text,has_similar_questions) VALUES (57,'216g','Czy interesuje Cię geodezja i/lub kartografia?','false');
-- INSERT INTO question(id,group_code,text,has_similar_questions) VALUES (58,'26','Czy posiadasz zdolność zapamiętywania reguł i definicji?','false');
-- INSERT INTO question(id,group_code,text,has_similar_questions) VALUES (59,'26','Czy lubisz czytać książki?','false');
-- INSERT INTO question(id,group_code,text,has_similar_questions) VALUES (60,'26','Czy interesują Cię nauki społeczne i/lub religijne?','false');
-- INSERT INTO question(id,group_code,text,has_similar_questions) VALUES (61,'26','Czy lubisz pisać?','false');
-- INSERT INTO question(id,group_code,text,has_similar_questions) VALUES (62,'26','Czy jesteś osobą uzdolnioną artystycznie?','false');
-- INSERT INTO question(id,group_code,text,has_similar_questions) VALUES (63,'261','Czy potrafisz dyskutować i argumentować swoje racje?','false');
-- INSERT INTO question(id,group_code,text,has_similar_questions) VALUES (64,'261','Czy posiadasz silne poczuCię sprawiedliwości?','false');
-- INSERT INTO question(id,group_code,text,has_similar_questions) VALUES (65,'262','Czy uważasz odwiedzanie muzeów za atrakcyjne?','false');
-- INSERT INTO question(id,group_code,text,has_similar_questions) VALUES (66,'262','Czy nazwałbyś siebie molem książkowym?','false');
-- INSERT INTO question(id,group_code,text,has_similar_questions) VALUES (67,'263','Czy posiadasz zdolności analityczne?','false');
-- INSERT INTO question(id,group_code,text,has_similar_questions) VALUES (68,'263','Czy jesteś typem odkrywcy?','false');
-- INSERT INTO question(id,group_code,text,has_similar_questions) VALUES (69,'263','Czy jesteś osobą dociekliwą?','false');
-- INSERT INTO question(id,group_code,text,has_similar_questions) VALUES (70,'263','Czy interesuje Cię psychologia?','false');
-- INSERT INTO question(id,group_code,text,has_similar_questions) VALUES (71,'263','Czy lubisz nauczać/wychowywać (osoby obce)?','false');
-- INSERT INTO question(id,group_code,text,has_similar_questions) VALUES (72,'263','Czy jesteś osobą religijną?','false');
-- INSERT INTO question(id,group_code,text,has_similar_questions) VALUES (73,'264','Czy posiadasz bujną wyobraźnie?','false');
-- INSERT INTO question(id,group_code,text,has_similar_questions) VALUES (74,'264','Czy jesteś osobą dociekliwą?','false');
-- INSERT INTO question(id,group_code,text,has_similar_questions) VALUES (75,'264','Czy interesujesz się językami obcymi?','false');
-- INSERT INTO question(id,group_code,text,has_similar_questions) VALUES (76,'265','Czy posiadasz zdolności manualne i/lub plastyczne?','false');
-- INSERT INTO question(id,group_code,text,has_similar_questions) VALUES (77,'265','Czy interesujesz się tworzeniem muzyki?','false');
-- INSERT INTO question(id,group_code,text,has_similar_questions) VALUES (78,'265','Czy posiadasz umiejętności taneczne?','false');
-- INSERT INTO question(id,group_code,text,has_similar_questions) VALUES (79,'265','Czy interesujesz się realizacją filmów i/lub teatrem?','false');
-- INSERT INTO question(id,group_code,text,has_similar_questions) VALUES (80,'265','Czy lubisz występować przed publiką?','false');
-- INSERT INTO question(id,group_code,text,has_similar_questions) VALUES (81,'265','Czy jesteś osobą charyzmatyczną?','false');
-- INSERT INTO question(id,group_code,text,has_similar_questions) VALUES (82,'216a','Czy interesuje Cię architektura i/lub aranżacja zieleni?','false');
-- INSERT INTO question(id,group_code,text,has_similar_questions) VALUES (83,'216a','Czy interesuje Cię projektowanie mody?','false');
-- INSERT INTO question(id,group_code,text,has_similar_questions) VALUES (84,'216a','Czy interesuje Cię grafika komputerowa?','false');
-- INSERT INTO question(id,group_code,text,has_similar_questions) VALUES (85,'1a','Czy posiadasz zdolności przywódcze?','false');
-- INSERT INTO question(id,group_code,text,has_similar_questions) VALUES (86,'1','W swojej karierze zawodowej potrafiłbym/potrafiłabym podejmować decyzje...','false');
-- INSERT INTO question(id,group_code,text,has_similar_questions) VALUES (87,'11','Czy interesujesz się polityką?','false');
-- INSERT INTO question(id,group_code,text,has_similar_questions) VALUES (88,'11','Czy jesteś osobą zorganizowaną?','false');
-- INSERT INTO question(id,group_code,text,has_similar_questions) VALUES (89,'111','Czy jesteś pewny siebie?','false');
-- INSERT INTO question(id,group_code,text,has_similar_questions) VALUES (90,'111','Czy jesteś sumienny?','false');
-- INSERT INTO question(id,group_code,text,has_similar_questions) VALUES (91,'111','Czy zależy Ci na dobru mieszkańców, w twoim regionie?','false');
-- INSERT INTO question(id,group_code,text,has_similar_questions) VALUES (92,'111','Czy potrafisz bronić swoich racji?','false');
-- INSERT INTO question(id,group_code,text,has_similar_questions) VALUES (93,'121','Czy interesujesz się finansami?','false');
-- INSERT INTO question(id,group_code,text,has_similar_questions) VALUES (94,'121','Czy jesteś osobą komunikatywną?','false');
-- INSERT INTO question(id,group_code,text,has_similar_questions) VALUES (95,'121','Czy posiadasz zdolności strategiczne?','false');
-- INSERT INTO question(id,group_code,text,has_similar_questions) VALUES (96,'122','Czy interesujesz się marketingiem/sprzedażą?','false');
-- INSERT INTO question(id,group_code,text,has_similar_questions) VALUES (97,'122','Czy interesujesz się reklamą?','false');
-- INSERT INTO question(id,group_code,text,has_similar_questions) VALUES (98,'122','Czy posiadasz zdolności analityczne?','false');
-- INSERT INTO question(id,group_code,text,has_similar_questions) VALUES (99,'131','Czy interesujesz się rolnictwem/leśnictwem?','false');
-- INSERT INTO question(id,group_code,text,has_similar_questions) VALUES (100,'131','Czy interesujesz się akwalturą/rybołóstwem?','false');
-- INSERT INTO question(id,group_code,text,has_similar_questions) VALUES (101,'132','Czy jesteś osobą skrupulatną?','false');
-- INSERT INTO question(id,group_code,text,has_similar_questions) VALUES (102,'132','Czy interesujesz się górnictwem?','false');
-- INSERT INTO question(id,group_code,text,has_similar_questions) VALUES (103,'132','Czy interesujesz sie budownictwem?','false');
-- INSERT INTO question(id,group_code,text,has_similar_questions) VALUES (104,'132','Czy interesujesz się logistyką/transportem/towaroznawstwem?','false');
-- INSERT INTO question(id,group_code,text,has_similar_questions) VALUES (105,'133','Czy interesujesz się nowoczesnymi technologiami?','false');
-- INSERT INTO question(id,group_code,text,has_similar_questions) VALUES (106,'134','Czy lubisz dzieci?','false');
-- INSERT INTO question(id,group_code,text,has_similar_questions) VALUES (107,'134','Czy lubisz dbać o zdrowie innych?','false');
-- INSERT INTO question(id,group_code,text,has_similar_questions) VALUES (108,'134','Czy mógłbyś opiekować się (obcymi) osobami starszymi?','false');
-- INSERT INTO question(id,group_code,text,has_similar_questions) VALUES (109,'134','Czy lubisz pomagać ludziom?','false');
-- INSERT INTO question(id,group_code,text,has_similar_questions) VALUES (110,'134','Czy interesujesz się edukacją?','false');
-- INSERT INTO question(id,group_code,text,has_similar_questions) VALUES (111,'134','Czy interesują Cię finansowe?','false');
-- INSERT INTO question(id,group_code,text,has_similar_questions) VALUES (112,'141','Czy interesujesz się Hotelarstwem?','false');
-- INSERT INTO question(id,group_code,text,has_similar_questions) VALUES (113,'141','Czy Interesujesz się Gastronomią?','false');
-- INSERT INTO question(id,group_code,text,has_similar_questions) VALUES (114,'143','Czy potrafisz organizować ciekawe imprezy/spotkania/eventy?','false');
-- INSERT INTO question(id,group_code,text,has_similar_questions) VALUES (115,'start','W jakiej szkole obecnie jesteś? Jeżeli ukończyłeś edukację to na jakim etapie?','false');
-- INSERT INTO question(id,group_code,text,has_similar_questions) VALUES (116,'P','Czy chciałbyś/chciałabyś zwiększyć swój poziom wykształcenia po podstawówce ?','false');
-- INSERT INTO question(id,group_code,text,has_similar_questions) VALUES (117,'P_wojsko','Czy interesują Cię zawodowa służba wojskowa?','false');
-- INSERT INTO question(id,group_code,text,has_similar_questions) VALUES (118,'P_dalej','Bardziej interesuje Cię…','false');
-- INSERT INTO question(id,group_code,text,has_similar_questions) VALUES (119,'PLZ','Jak rodzaj pracy Cię interesuje?','false');
-- INSERT INTO question(id,group_code,text,has_similar_questions) VALUES (120,'PTS','Czy interesują Cię zawodowa służba wojskowa?','false');
-- INSERT INTO question(id,group_code,text,has_similar_questions) VALUES (121,'PLZ_F','Czy interesują Cię zawodowa służba wojskowa?','false');
-- INSERT INTO question(id,group_code,text,has_similar_questions) VALUES (122,'PLZ_U','Czy interesują Cię zawodowa służba wojskowa?','false');
-- INSERT INTO question(id,group_code,text,has_similar_questions) VALUES (123,'LZ','Czy chciałbyś/chciałabyś zwiększyć swój poziom wykształcenia?','false');
-- INSERT INTO question(id,group_code,text,has_similar_questions) VALUES (124,'LZ_dalej','Bardziej interesuje/interesują Cię...','false');
-- INSERT INTO question(id,group_code,text,has_similar_questions) VALUES (125,'LZ_wojsko_studia','Czy interesuje Cię zawodowa służba wojskowa?','false');
-- INSERT INTO question(id,group_code,text,has_similar_questions) VALUES (126,'LZ_wojsko_policealna','Czy interesuje Cię zawodowa służba wojskowa?','false');
-- INSERT INTO question(id,group_code,text,has_similar_questions) VALUES (127,'LZ_FU','Jak rodzaj pracy Cię interesuje?','false');
-- INSERT INTO question(id,group_code,text,has_similar_questions) VALUES (128,'LZ_F_wojsko','Czy interesuje Cię zawodowa służba wojskowa?','false');
-- INSERT INTO question(id,group_code,text,has_similar_questions) VALUES (129,'LZ_U_wojsko','Czy interesuje Cię zawodowa służba wojskowa?','false');
-- INSERT INTO question(id,group_code,text,has_similar_questions) VALUES (130,'TS','Czy chciałbyś/chciałabyś zwiększyć swój poziom wykształcenia?','false');
-- INSERT INTO question(id,group_code,text,has_similar_questions) VALUES (131,'TS_dalej_wojsko','Czy interesuje Cię zawodowa służba wojskowa?','false');
-- INSERT INTO question(id,group_code,text,has_similar_questions) VALUES (132,'TS_wojsko','Czy interesuje Cię zawodowa służba wojskowa?','false');
--
--
-- INSERT INTO question_answers(answers_id,question_id) VALUES (1,1);
-- INSERT INTO question_answers(answers_id,question_id) VALUES (2,1);
-- INSERT INTO question_answers(answers_id,question_id) VALUES (3,1);
-- INSERT INTO question_answers(answers_id,question_id) VALUES (4,1);
-- INSERT INTO question_answers(answers_id,question_id) VALUES (5,1);
-- INSERT INTO question_answers(answers_id,question_id) VALUES (6,1);
-- INSERT INTO question_answers(answers_id,question_id) VALUES (7,1);
-- INSERT INTO question_answers(answers_id,question_id) VALUES (8,1);
-- INSERT INTO question_answers(answers_id,question_id) VALUES (9,2);
-- INSERT INTO question_answers(answers_id,question_id) VALUES (10,2);
-- INSERT INTO question_answers(answers_id,question_id) VALUES (11,2);
-- INSERT INTO question_answers(answers_id,question_id) VALUES (12,2);
-- INSERT INTO question_answers(answers_id,question_id) VALUES (13,2);
-- INSERT INTO question_answers(answers_id,question_id) VALUES (14,3);
-- INSERT INTO question_answers(answers_id,question_id) VALUES (15,3);
-- INSERT INTO question_answers(answers_id,question_id) VALUES (16,4);
-- INSERT INTO question_answers(answers_id,question_id) VALUES (17,4);
-- INSERT INTO question_answers(answers_id,question_id) VALUES (18,5);
-- INSERT INTO question_answers(answers_id,question_id) VALUES (19,5);
-- INSERT INTO question_answers(answers_id,question_id) VALUES (20,6);
-- INSERT INTO question_answers(answers_id,question_id) VALUES (21,6);
-- INSERT INTO question_answers(answers_id,question_id) VALUES (22,7);
-- INSERT INTO question_answers(answers_id,question_id) VALUES (23,7);
-- INSERT INTO question_answers(answers_id,question_id) VALUES (24,8);
-- INSERT INTO question_answers(answers_id,question_id) VALUES (25,8);
-- INSERT INTO question_answers(answers_id,question_id) VALUES (26,9);
-- INSERT INTO question_answers(answers_id,question_id) VALUES (27,9);
-- INSERT INTO question_answers(answers_id,question_id) VALUES (28,10);
-- INSERT INTO question_answers(answers_id,question_id) VALUES (29,10);
-- INSERT INTO question_answers(answers_id,question_id) VALUES (30,11);
-- INSERT INTO question_answers(answers_id,question_id) VALUES (31,11);
-- INSERT INTO question_answers(answers_id,question_id) VALUES (32,12);
-- INSERT INTO question_answers(answers_id,question_id) VALUES (33,12);
-- INSERT INTO question_answers(answers_id,question_id) VALUES (34,13);
-- INSERT INTO question_answers(answers_id,question_id) VALUES (35,13);
-- INSERT INTO question_answers(answers_id,question_id) VALUES (36,14);
-- INSERT INTO question_answers(answers_id,question_id) VALUES (37,14);
-- INSERT INTO question_answers(answers_id,question_id) VALUES (38,15);
-- INSERT INTO question_answers(answers_id,question_id) VALUES (39,15);
-- INSERT INTO question_answers(answers_id,question_id) VALUES (40,16);
-- INSERT INTO question_answers(answers_id,question_id) VALUES (41,16);
-- INSERT INTO question_answers(answers_id,question_id) VALUES (42,17);
-- INSERT INTO question_answers(answers_id,question_id) VALUES (43,17);
-- INSERT INTO question_answers(answers_id,question_id) VALUES (44,18);
-- INSERT INTO question_answers(answers_id,question_id) VALUES (45,18);
-- INSERT INTO question_answers(answers_id,question_id) VALUES (46,19);
-- INSERT INTO question_answers(answers_id,question_id) VALUES (47,19);
-- INSERT INTO question_answers(answers_id,question_id) VALUES (48,20);
-- INSERT INTO question_answers(answers_id,question_id) VALUES (49,20);
-- INSERT INTO question_answers(answers_id,question_id) VALUES (50,21);
-- INSERT INTO question_answers(answers_id,question_id) VALUES (51,21);
-- INSERT INTO question_answers(answers_id,question_id) VALUES (52,22);
-- INSERT INTO question_answers(answers_id,question_id) VALUES (53,22);
-- INSERT INTO question_answers(answers_id,question_id) VALUES (54,23);
-- INSERT INTO question_answers(answers_id,question_id) VALUES (55,23);
-- INSERT INTO question_answers(answers_id,question_id) VALUES (56,24);
-- INSERT INTO question_answers(answers_id,question_id) VALUES (57,24);
-- INSERT INTO question_answers(answers_id,question_id) VALUES (58,25);
-- INSERT INTO question_answers(answers_id,question_id) VALUES (59,25);
-- INSERT INTO question_answers(answers_id,question_id) VALUES (60,26);
-- INSERT INTO question_answers(answers_id,question_id) VALUES (61,26);
-- INSERT INTO question_answers(answers_id,question_id) VALUES (62,27);
-- INSERT INTO question_answers(answers_id,question_id) VALUES (63,27);
-- INSERT INTO question_answers(answers_id,question_id) VALUES (64,28);
-- INSERT INTO question_answers(answers_id,question_id) VALUES (65,28);
-- INSERT INTO question_answers(answers_id,question_id) VALUES (66,29);
-- INSERT INTO question_answers(answers_id,question_id) VALUES (67,29);
-- INSERT INTO question_answers(answers_id,question_id) VALUES (68,30);
-- INSERT INTO question_answers(answers_id,question_id) VALUES (69,30);
-- INSERT INTO question_answers(answers_id,question_id) VALUES (70,31);
-- INSERT INTO question_answers(answers_id,question_id) VALUES (71,31);
-- INSERT INTO question_answers(answers_id,question_id) VALUES (72,32);
-- INSERT INTO question_answers(answers_id,question_id) VALUES (73,32);
-- INSERT INTO question_answers(answers_id,question_id) VALUES (74,33);
-- INSERT INTO question_answers(answers_id,question_id) VALUES (75,33);
-- INSERT INTO question_answers(answers_id,question_id) VALUES (76,34);
-- INSERT INTO question_answers(answers_id,question_id) VALUES (77,34);
-- INSERT INTO question_answers(answers_id,question_id) VALUES (78,35);
-- INSERT INTO question_answers(answers_id,question_id) VALUES (79,35);
-- INSERT INTO question_answers(answers_id,question_id) VALUES (80,36);
-- INSERT INTO question_answers(answers_id,question_id) VALUES (81,36);
-- INSERT INTO question_answers(answers_id,question_id) VALUES (82,37);
-- INSERT INTO question_answers(answers_id,question_id) VALUES (83,37);
-- INSERT INTO question_answers(answers_id,question_id) VALUES (84,38);
-- INSERT INTO question_answers(answers_id,question_id) VALUES (85,38);
-- INSERT INTO question_answers(answers_id,question_id) VALUES (86,39);
-- INSERT INTO question_answers(answers_id,question_id) VALUES (87,39);
-- INSERT INTO question_answers(answers_id,question_id) VALUES (88,40);
-- INSERT INTO question_answers(answers_id,question_id) VALUES (89,40);
-- INSERT INTO question_answers(answers_id,question_id) VALUES (90,41);
-- INSERT INTO question_answers(answers_id,question_id) VALUES (91,41);
-- INSERT INTO question_answers(answers_id,question_id) VALUES (92,42);
-- INSERT INTO question_answers(answers_id,question_id) VALUES (93,42);
-- INSERT INTO question_answers(answers_id,question_id) VALUES (94,43);
-- INSERT INTO question_answers(answers_id,question_id) VALUES (95,43);
-- INSERT INTO question_answers(answers_id,question_id) VALUES (96,44);
-- INSERT INTO question_answers(answers_id,question_id) VALUES (97,44);
-- INSERT INTO question_answers(answers_id,question_id) VALUES (98,45);
-- INSERT INTO question_answers(answers_id,question_id) VALUES (99,45);
-- INSERT INTO question_answers(answers_id,question_id) VALUES (100,46);
-- INSERT INTO question_answers(answers_id,question_id) VALUES (101,46);
-- INSERT INTO question_answers(answers_id,question_id) VALUES (102,47);
-- INSERT INTO question_answers(answers_id,question_id) VALUES (103,47);
-- INSERT INTO question_answers(answers_id,question_id) VALUES (104,48);
-- INSERT INTO question_answers(answers_id,question_id) VALUES (105,48);
-- INSERT INTO question_answers(answers_id,question_id) VALUES (106,49);
-- INSERT INTO question_answers(answers_id,question_id) VALUES (107,49);
-- INSERT INTO question_answers(answers_id,question_id) VALUES (108,50);
-- INSERT INTO question_answers(answers_id,question_id) VALUES (109,50);
-- INSERT INTO question_answers(answers_id,question_id) VALUES (110,51);
-- INSERT INTO question_answers(answers_id,question_id) VALUES (111,51);
-- INSERT INTO question_answers(answers_id,question_id) VALUES (112,52);
-- INSERT INTO question_answers(answers_id,question_id) VALUES (113,52);
-- INSERT INTO question_answers(answers_id,question_id) VALUES (114,53);
-- INSERT INTO question_answers(answers_id,question_id) VALUES (115,53);
-- INSERT INTO question_answers(answers_id,question_id) VALUES (116,54);
-- INSERT INTO question_answers(answers_id,question_id) VALUES (117,54);
-- INSERT INTO question_answers(answers_id,question_id) VALUES (118,55);
-- INSERT INTO question_answers(answers_id,question_id) VALUES (119,55);
-- INSERT INTO question_answers(answers_id,question_id) VALUES (120,56);
-- INSERT INTO question_answers(answers_id,question_id) VALUES (121,56);
-- INSERT INTO question_answers(answers_id,question_id) VALUES (122,57);
-- INSERT INTO question_answers(answers_id,question_id) VALUES (123,57);
-- INSERT INTO question_answers(answers_id,question_id) VALUES (124,58);
-- INSERT INTO question_answers(answers_id,question_id) VALUES (125,58);
-- INSERT INTO question_answers(answers_id,question_id) VALUES (126,59);
-- INSERT INTO question_answers(answers_id,question_id) VALUES (127,59);
-- INSERT INTO question_answers(answers_id,question_id) VALUES (128,60);
-- INSERT INTO question_answers(answers_id,question_id) VALUES (129,60);
-- INSERT INTO question_answers(answers_id,question_id) VALUES (130,61);
-- INSERT INTO question_answers(answers_id,question_id) VALUES (131,61);
-- INSERT INTO question_answers(answers_id,question_id) VALUES (132,62);
-- INSERT INTO question_answers(answers_id,question_id) VALUES (133,62);
-- INSERT INTO question_answers(answers_id,question_id) VALUES (134,63);
-- INSERT INTO question_answers(answers_id,question_id) VALUES (135,63);
-- INSERT INTO question_answers(answers_id,question_id) VALUES (136,64);
-- INSERT INTO question_answers(answers_id,question_id) VALUES (137,64);
-- INSERT INTO question_answers(answers_id,question_id) VALUES (138,65);
-- INSERT INTO question_answers(answers_id,question_id) VALUES (139,65);
-- INSERT INTO question_answers(answers_id,question_id) VALUES (140,66);
-- INSERT INTO question_answers(answers_id,question_id) VALUES (141,66);
-- INSERT INTO question_answers(answers_id,question_id) VALUES (142,67);
-- INSERT INTO question_answers(answers_id,question_id) VALUES (143,67);
-- INSERT INTO question_answers(answers_id,question_id) VALUES (144,68);
-- INSERT INTO question_answers(answers_id,question_id) VALUES (145,68);
-- INSERT INTO question_answers(answers_id,question_id) VALUES (146,69);
-- INSERT INTO question_answers(answers_id,question_id) VALUES (147,69);
-- INSERT INTO question_answers(answers_id,question_id) VALUES (148,70);
-- INSERT INTO question_answers(answers_id,question_id) VALUES (149,70);
-- INSERT INTO question_answers(answers_id,question_id) VALUES (150,71);
-- INSERT INTO question_answers(answers_id,question_id) VALUES (151,71);
-- INSERT INTO question_answers(answers_id,question_id) VALUES (152,72);
-- INSERT INTO question_answers(answers_id,question_id) VALUES (153,72);
-- INSERT INTO question_answers(answers_id,question_id) VALUES (154,73);
-- INSERT INTO question_answers(answers_id,question_id) VALUES (155,73);
-- INSERT INTO question_answers(answers_id,question_id) VALUES (156,74);
-- INSERT INTO question_answers(answers_id,question_id) VALUES (157,74);
-- INSERT INTO question_answers(answers_id,question_id) VALUES (158,75);
-- INSERT INTO question_answers(answers_id,question_id) VALUES (159,75);
-- INSERT INTO question_answers(answers_id,question_id) VALUES (160,76);
-- INSERT INTO question_answers(answers_id,question_id) VALUES (161,76);
-- INSERT INTO question_answers(answers_id,question_id) VALUES (162,77);
-- INSERT INTO question_answers(answers_id,question_id) VALUES (163,77);
-- INSERT INTO question_answers(answers_id,question_id) VALUES (164,78);
-- INSERT INTO question_answers(answers_id,question_id) VALUES (165,78);
-- INSERT INTO question_answers(answers_id,question_id) VALUES (166,79);
-- INSERT INTO question_answers(answers_id,question_id) VALUES (167,79);
-- INSERT INTO question_answers(answers_id,question_id) VALUES (168,80);
-- INSERT INTO question_answers(answers_id,question_id) VALUES (169,80);
-- INSERT INTO question_answers(answers_id,question_id) VALUES (170,81);
-- INSERT INTO question_answers(answers_id,question_id) VALUES (171,81);
-- INSERT INTO question_answers(answers_id,question_id) VALUES (172,82);
-- INSERT INTO question_answers(answers_id,question_id) VALUES (173,82);
-- INSERT INTO question_answers(answers_id,question_id) VALUES (174,83);
-- INSERT INTO question_answers(answers_id,question_id) VALUES (175,83);
-- INSERT INTO question_answers(answers_id,question_id) VALUES (176,84);
-- INSERT INTO question_answers(answers_id,question_id) VALUES (177,84);
-- INSERT INTO question_answers(answers_id,question_id) VALUES (178,85);
-- INSERT INTO question_answers(answers_id,question_id) VALUES (179,85);
-- INSERT INTO question_answers(answers_id,question_id) VALUES (180,86);
-- INSERT INTO question_answers(answers_id,question_id) VALUES (181,86);
-- INSERT INTO question_answers(answers_id,question_id) VALUES (182,86);
-- INSERT INTO question_answers(answers_id,question_id) VALUES (183,87);
-- INSERT INTO question_answers(answers_id,question_id) VALUES (184,87);
-- INSERT INTO question_answers(answers_id,question_id) VALUES (185,88);
-- INSERT INTO question_answers(answers_id,question_id) VALUES (186,88);
-- INSERT INTO question_answers(answers_id,question_id) VALUES (187,89);
-- INSERT INTO question_answers(answers_id,question_id) VALUES (188,89);
-- INSERT INTO question_answers(answers_id,question_id) VALUES (189,90);
-- INSERT INTO question_answers(answers_id,question_id) VALUES (190,90);
-- INSERT INTO question_answers(answers_id,question_id) VALUES (191,91);
-- INSERT INTO question_answers(answers_id,question_id) VALUES (192,91);
-- INSERT INTO question_answers(answers_id,question_id) VALUES (193,92);
-- INSERT INTO question_answers(answers_id,question_id) VALUES (194,92);
-- INSERT INTO question_answers(answers_id,question_id) VALUES (195,93);
-- INSERT INTO question_answers(answers_id,question_id) VALUES (196,93);
-- INSERT INTO question_answers(answers_id,question_id) VALUES (197,94);
-- INSERT INTO question_answers(answers_id,question_id) VALUES (198,94);
-- INSERT INTO question_answers(answers_id,question_id) VALUES (199,95);
-- INSERT INTO question_answers(answers_id,question_id) VALUES (200,95);
-- INSERT INTO question_answers(answers_id,question_id) VALUES (201,96);
-- INSERT INTO question_answers(answers_id,question_id) VALUES (202,96);
-- INSERT INTO question_answers(answers_id,question_id) VALUES (203,97);
-- INSERT INTO question_answers(answers_id,question_id) VALUES (204,97);
-- INSERT INTO question_answers(answers_id,question_id) VALUES (205,98);
-- INSERT INTO question_answers(answers_id,question_id) VALUES (206,98);
-- INSERT INTO question_answers(answers_id,question_id) VALUES (207,99);
-- INSERT INTO question_answers(answers_id,question_id) VALUES (208,99);
-- INSERT INTO question_answers(answers_id,question_id) VALUES (209,100);
-- INSERT INTO question_answers(answers_id,question_id) VALUES (210,100);
-- INSERT INTO question_answers(answers_id,question_id) VALUES (211,101);
-- INSERT INTO question_answers(answers_id,question_id) VALUES (212,101);
-- INSERT INTO question_answers(answers_id,question_id) VALUES (213,102);
-- INSERT INTO question_answers(answers_id,question_id) VALUES (214,102);
-- INSERT INTO question_answers(answers_id,question_id) VALUES (215,103);
-- INSERT INTO question_answers(answers_id,question_id) VALUES (216,103);
-- INSERT INTO question_answers(answers_id,question_id) VALUES (217,104);
-- INSERT INTO question_answers(answers_id,question_id) VALUES (218,104);
-- INSERT INTO question_answers(answers_id,question_id) VALUES (219,105);
-- INSERT INTO question_answers(answers_id,question_id) VALUES (220,105);
-- INSERT INTO question_answers(answers_id,question_id) VALUES (221,106);
-- INSERT INTO question_answers(answers_id,question_id) VALUES (222,106);
-- INSERT INTO question_answers(answers_id,question_id) VALUES (223,107);
-- INSERT INTO question_answers(answers_id,question_id) VALUES (224,107);
-- INSERT INTO question_answers(answers_id,question_id) VALUES (225,108);
-- INSERT INTO question_answers(answers_id,question_id) VALUES (226,108);
-- INSERT INTO question_answers(answers_id,question_id) VALUES (227,109);
-- INSERT INTO question_answers(answers_id,question_id) VALUES (228,109);
-- INSERT INTO question_answers(answers_id,question_id) VALUES (229,110);
-- INSERT INTO question_answers(answers_id,question_id) VALUES (230,110);
-- INSERT INTO question_answers(answers_id,question_id) VALUES (231,111);
-- INSERT INTO question_answers(answers_id,question_id) VALUES (232,111);
-- INSERT INTO question_answers(answers_id,question_id) VALUES (233,112);
-- INSERT INTO question_answers(answers_id,question_id) VALUES (234,112);
-- INSERT INTO question_answers(answers_id,question_id) VALUES (235,113);
-- INSERT INTO question_answers(answers_id,question_id) VALUES (236,113);
-- INSERT INTO question_answers(answers_id,question_id) VALUES (237,114);
-- INSERT INTO question_answers(answers_id,question_id) VALUES (238,114);
-- INSERT INTO question_answers(answers_id,question_id) VALUES (239,115);
-- INSERT INTO question_answers(answers_id,question_id) VALUES (240,115);
-- INSERT INTO question_answers(answers_id,question_id) VALUES (241,115);
-- INSERT INTO question_answers(answers_id,question_id) VALUES (242,116);
-- INSERT INTO question_answers(answers_id,question_id) VALUES (243,116);
-- INSERT INTO question_answers(answers_id,question_id) VALUES (244,117);
-- INSERT INTO question_answers(answers_id,question_id) VALUES (245,117);
-- INSERT INTO question_answers(answers_id,question_id) VALUES (246,118);
-- INSERT INTO question_answers(answers_id,question_id) VALUES (247,118);
-- INSERT INTO question_answers(answers_id,question_id) VALUES (248,119);
-- INSERT INTO question_answers(answers_id,question_id) VALUES (249,119);
-- INSERT INTO question_answers(answers_id,question_id) VALUES (250,120);
-- INSERT INTO question_answers(answers_id,question_id) VALUES (251,120);
-- INSERT INTO question_answers(answers_id,question_id) VALUES (252,121);
-- INSERT INTO question_answers(answers_id,question_id) VALUES (253,121);
-- INSERT INTO question_answers(answers_id,question_id) VALUES (254,122);
-- INSERT INTO question_answers(answers_id,question_id) VALUES (255,122);
-- INSERT INTO question_answers(answers_id,question_id) VALUES (256,123);
-- INSERT INTO question_answers(answers_id,question_id) VALUES (257,123);
-- INSERT INTO question_answers(answers_id,question_id) VALUES (258,124);
-- INSERT INTO question_answers(answers_id,question_id) VALUES (259,124);
-- INSERT INTO question_answers(answers_id,question_id) VALUES (260,125);
-- INSERT INTO question_answers(answers_id,question_id) VALUES (261,125);
-- INSERT INTO question_answers(answers_id,question_id) VALUES (262,126);
-- INSERT INTO question_answers(answers_id,question_id) VALUES (263,126);
-- INSERT INTO question_answers(answers_id,question_id) VALUES (264,127);
-- INSERT INTO question_answers(answers_id,question_id) VALUES (265,127);
-- INSERT INTO question_answers(answers_id,question_id) VALUES (266,128);
-- INSERT INTO question_answers(answers_id,question_id) VALUES (267,128);
-- INSERT INTO question_answers(answers_id,question_id) VALUES (268,129);
-- INSERT INTO question_answers(answers_id,question_id) VALUES (269,129);
-- INSERT INTO question_answers(answers_id,question_id) VALUES (270,130);
-- INSERT INTO question_answers(answers_id,question_id) VALUES (271,130);
-- INSERT INTO question_answers(answers_id,question_id) VALUES (272,131);
-- INSERT INTO question_answers(answers_id,question_id) VALUES (273,131);
-- INSERT INTO question_answers(answers_id,question_id) VALUES (274,132);
-- INSERT INTO question_answers(answers_id,question_id) VALUES (275,132);
--
